Strain i,Strain j,replicate,p(i),p(i)',Ti(c),Tj(c),TG(ij),r(i),r(j),I(i),I(j),IG(ij)
NC63.2,NC69.1,W11xW13R1,0.05,0.1943,3940000,6930000,5700000,3.8855,0.8481,0.1779,1.4335,1.1896
NC63.2,NC69.1,W11xW13R2,0.05,0.1297,8550000,7680000,4700000,2.5934,0.9161,0.7015,1.7836,1.6433
NC63.2,NC69.1,W11xW13R3,0.05,0.2503,4210000,4750000,3250000,5.0051,0.7892,0.2588,1.8519,1.4532
NC63.2,NC71.1,W11xW14R1,0.05,0.2873,8550000,5230000,4700000,5.7469,0.7502,0.3165,1.4834,1.1481
NC63.2,NC71.1,W11xW14R2,0.05,0.2359,4210000,3830000,3250000,4.7179,0.8043,0.2746,1.4652,1.1843
NC63.2,NC80.1,W11xW18R1,0.05,0.0892,8550000,6600000,6100000,1.7842,0.9587,0.7856,1.1285,1.098
NC63.2,NC80.1,W11xW18R2,0.05,0.1015,4210000,8050000,9600000,2.0308,0.9457,0.2159,0.8866,0.8185
NC63.2,NC99.1,W11xW23R1,0.05,0.1237,3940000,5680000,5400000,2.4744,0.9224,0.2949,1.1403,1.0357
NC63.2,NC99.1,W11xW23R2,0.05,0.1172,8550000,7180000,8250000,2.3444,0.9292,0.4421,0.9366,0.8786
NC63.2,NC99.1,W11xW23R3,0.05,0.0862,4210000,8650000,11400000,1.7231,0.9619,0.2143,0.7888,0.7393
NC63.2,NC34.2,W11xW3R1,0.05,0.1234,8550000,3380000,3700000,2.4689,0.9227,0.936,0.9901,0.9834
NC63.2,NC34.2,W11xW3R2,0.05,0.1149,4210000,4400000,4250000,2.2974,0.9317,0.4312,1.1112,1.0331
NC63.2,NC52.3,W11xW6R1,0.05,0.1504,8550000,7320000,7100000,3.0083,0.8943,0.4003,1.1528,1.0396
NC63.2,NC52.3,W11xW6R2,0.05,0.0657,6480000,8120000,8800000,1.3131,0.9835,0.5608,0.9382,0.9134
NC63.2,NC52.3,W11xW6R3,0.05,0.0604,7000000,7550000,9050000,1.2083,0.989,0.6401,0.8435,0.8312
NC63.2,NC52.3,W11xW6R4,0.05,0.1026,4210000,8750000,9250000,2.0513,0.9447,0.2219,1.0014,0.9214
NC63.2,NC60.1,W11xW9R1,0.05,0.1203,8550000,7390000,7250000,2.4066,0.926,0.49,1.1008,1.0273
NC63.2,NC60.1,W11xW9R2,0.05,0.0872,4210000,9530000,10500000,1.7436,0.9609,0.23,0.9446,0.8823
NC28.1,NC63.2,W1xW11R1,0.05,0.104,9290000,8125000,5750000,2.0425,0.9451,0.7768,1.4982,1.4232
NC28.1,NC63.2,W1xW11R10,0.05,0.0705,8550000,8551000,7950000,1.4108,0.9784,0.7623,1.0994,1.0756
NC28.1,NC63.2,W1xW11R11,0.05,0.1026,9600000,4210000,4250000,2.0513,0.9447,1.1012,1.0486,1.054
NC28.1,NC63.2,W1xW11R12,0.05,0.127,6160000,7040000,6490000,2.54,0.9189,0.3737,1.1804,1.078
NC28.1,NC63.2,W1xW11R13,0.05,0.098,6890000,7580000,6650000,1.96,0.9495,0.5286,1.2005,1.1347
NC28.1,NC63.2,W1xW11R14,0.05,0.101,5540000,5920000,6040000,2.02,0.9463,0.4541,1.0357,0.977
NC28.1,NC63.2,W1xW11R15,0.05,0.098,6010000,6500000,6050000,1.96,0.9495,0.5068,1.1316,1.0703
NC28.1,NC63.2,W1xW11R16,0.05,0.114,7240000,7660000,7160000,2.28,0.9326,0.4435,1.1471,1.0669
NC28.1,NC63.2,W1xW11R17,0.05,0.104,6650000,7500000,7510000,2.08,0.9432,0.4257,1.0589,0.993
NC28.1,NC63.2,W1xW11R18,0.05,0.114,7910000,8430000,7190000,2.28,0.9326,0.4825,1.2572,1.1688
NC28.1,NC63.2,W1xW11R3,0.05,0.068,9680000,8941667,8650000,1.3158,0.9834,0.8228,1.0537,1.038
NC28.1,NC63.2,W1xW11R5,0.05,0.104,5320000,2980000,2400000,2.0528,0.9446,1.0657,1.3165,1.2904
NC28.1,NC63.2,W1xW11R7,0.05,0.1111,6125000,1150000,1600000,2.2222,0.9357,1.7227,0.7682,0.8742
NC28.1,NC63.2,W1xW11R8,0.05,0.0914,9900000,4925000,5600000,1.8274,0.9565,0.9674,0.9195,0.9239
NC28.1,NC63.2,W1xW11R9,0.05,0.137,12200000,3943750,3700000,2.7403,0.9084,1.2033,1.1734,1.1774
NC28.1,NC69.1,W1xW13R1,0.05,0.083,6130000,8300000,5900000,1.66,0.9653,0.6259,1.4574,1.3884
NC28.1,NC69.1,W1xW13R2,0.05,0.1523,9900000,6900000,6750000,3.0457,0.8923,0.4816,1.1456,1.0444
NC28.1,NC71.1,W1xW14R1,0.05,0.1774,6130000,2580000,2000000,3.5474,0.8659,0.864,1.4897,1.3788
NC28.1,NC71.1,W1xW14R2,0.05,0.2883,9900000,6100000,6550000,5.7665,0.7491,0.2621,1.2432,0.9603
NC28.1,NC80.1,W1xW18R1,0.05,0.0703,6130000,1900000,6350000,1.4067,0.9786,0.6862,0.3058,0.3325
NC28.1,NC80.1,W1xW18R2,0.05,0.1188,9900000,7250000,6400000,2.3756,0.9276,0.6511,1.2212,1.1535
NC28.1,NC99.1,W1xW23R1,0.05,0.0815,6130000,8450000,8150000,1.631,0.9668,0.4612,1.0724,1.0226
NC28.1,NC99.1,W1xW23R2,0.05,0.0873,6130000,8450000,.,1.7462,0.9607,.,.,.
NC28.1,NC34.2,W1xW3R1,0.05,0.0561,6130000,9080000,8100000,1.1213,0.9936,0.6749,1.1282,1.1028
NC28.1,NC34.2,W1xW3R2,0.05,0.0975,9900000,4170000,4750000,1.9492,0.95,1.0692,0.9241,0.9382
NC28.1,NC52.3,W1xW6R1,0.05,0.0887,6130000,6550000,7450000,1.7737,0.9593,0.4639,0.9165,0.8764
NC28.1,NC52.3,W1xW6R2,0.05,0.1015,9900000,7330000,6800000,2.0305,0.9458,0.717,1.1398,1.0968
NC28.1,NC52.3,W1xW6R3,0.05,0.0737,8230000,8120000,8250000,1.4747,0.975,0.6764,1.0095,0.9849
NC28.1,NC52.3,W1xW6R4,0.05,0.0885,7480000,7550000,8350000,1.7708,0.9594,0.5059,0.9424,0.9038
NC28.1,NC60.1,W1xW9R1,0.05,0.0683,6130000,7000000,8100000,1.366,0.9807,0.554,0.8812,0.8588
NC28.1,NC60.1,W1xW9R2,0.05,0.0751,9900000,9700000,7550000,1.5025,0.9736,0.8727,1.3197,1.2861
NC28.1,NC60.1,W1xW9R3,0.05,0.0779,7240000,8690000,7550000,1.5576,0.9707,0.6157,1.1858,1.1414
NC28.1,NC60.1,W1xW9R4,0.05,0.0975,7240000,8690000,7850000,1.9497,0.95,0.473,1.1652,1.0978
NC105.1,NC63.2,W24xW11R1,0.05,0.1455,8950000,5680000,5700000,2.9091,0.8995,0.5397,1.1078,1.0252
NC105.1,NC63.2,W24xW11R2,0.05,0.1245,9400000,4450000,7050000,2.4899,0.9216,0.5355,0.6849,0.6663
NC105.1,NC63.2,W24xW11R3,0.05,0.0951,8580000,3940000,3600000,1.9018,0.9525,1.2532,1.149,1.1589
NC105.1,NC63.2,W24xW11R4,0.05,0.0861,8780000,8550000,8250000,1.722,0.962,0.618,1.0773,1.0378
NC105.1,NC63.2,W24xW11R5,0.05,0.1015,11500000,4210000,3600000,2.0308,0.9457,1.573,1.2365,1.2707
NC105.1,NC69.1,W24xW13R1,0.05,0.1349,12200000,7390000,.,2.6989,0.9106,.,.,.
NC105.1,NC69.1,W24xW13R2,0.05,.,12200000,7390000,8200000,.,.,.,.,0.9305
NC105.1,NC69.1,W24xW13R3,0.05,0.1414,8950000,7980000,5350000,2.8283,0.9038,0.5915,1.6504,1.5007
NC105.1,NC69.1,W24xW13R4,0.05,0.1447,9400000,3450000,5100000,2.8947,0.9003,0.6367,0.7514,0.7348
NC105.1,NC71.1,W24xW14R1,0.05,0.1306,10800000,2880000,.,2.6113,0.9152,.,.,.
NC105.1,NC71.1,W24xW14R2,0.05,.,10800000,2880000,5550000,.,.,.,.,0.5903
NC105.1,NC71.1,W24xW14R3,0.05,0.1427,8840000,3720000,4900000,2.8543,0.9024,0.6321,0.8413,0.8114
NC105.1,NC71.1,W24xW14R5,0.05,0.1919,8950000,2950000,4000000,3.8384,0.8506,0.5829,0.867,0.8125
NC105.1,NC71.1,W24xW14R6,0.05,0.1397,9400000,1650000,4550000,2.7935,0.9056,0.7395,0.4004,0.4478
NC105.1,NC80.1,W24xW18R1,0.05,0.1101,8950000,7530000,9950000,2.202,0.9367,0.4085,0.8079,0.7639
NC105.1,NC80.1,W24xW18R2,0.05,0.1134,9400000,4130000,8500000,2.2672,0.9333,0.4878,0.5206,0.5169
NC105.1,NC28.1,W24xW1R2,0.05,0.087,9400000,9280000,9650000,1.7409,0.961,0.5595,1.0007,0.9623
NC105.1,NC28.1,W24xW1R3,0.05,0.0721,10300000,9900000,7100000,1.4416,0.9768,1.0063,1.4275,1.3972
NC105.1,NC99.1,W24xW23R1,0.05,0.0808,8950000,8600000,8200000,1.6162,0.9676,0.6753,1.0839,1.0509
NC105.1,NC99.1,W24xW23R2,0.05,0.1102,11400000,6890000,6500000,2.2039,0.9366,0.7958,1.1317,1.0947
NC105.1,NC99.1,W24xW23R3,0.05,0.0833,11400000,6890000,5600000,1.6667,0.9649,1.2214,1.2751,1.2706
NC105.1,NC99.1,W24xW23R4,0.05,0.0772,11400000,6890000,6900000,1.5432,0.9714,1.0706,1.0279,1.0312
NC105.1,NC99.1,W24xW23R5,0.05,0.0848,11400000,6890000,7550000,1.6953,0.9634,0.8907,0.9472,0.9425
NC105.1,NC99.1,W24xW23R6,0.05,0.0992,11400000,6890000,7150000,1.9838,0.9482,0.8037,1.0163,0.9952
NC105.1,NC34.2,W24xW3R1,0.05,0.1279,10833333,5116667,6000000,2.5579,0.918,0.7059,0.9289,0.9004
NC105.1,NC34.2,W24xW3R10,0.05,0.101,9940000,6310000,7040000,2.02,0.9463,0.699,0.9472,0.9221
NC105.1,NC34.2,W24xW3R11,0.05,0.097,9470000,6870000,7060000,1.94,0.9505,0.6914,1.0237,0.9915
NC105.1,NC34.2,W24xW3R12,0.05,0.087,10000000,6910000,7100000,1.74,0.9611,0.8095,1.0127,0.995
NC105.1,NC34.2,W24xW3R13,0.05,0.085,9300000,6320000,7040000,1.7,0.9632,0.7771,0.9321,0.9189
NC105.1,NC34.2,W24xW3R14,0.05,0.0928,9780000,5950000,6125000,1.8562,0.9549,0.8602,1.0173,1.0027
NC105.1,NC34.2,W24xW3R15,0.05,0.1012,9890000,5050000,5150000,2.023,0.9462,0.9493,1.0364,1.0276
NC105.1,NC34.2,W24xW3R3,0.05,0.1174,8843750,6792857,6150000,2.3482,0.929,0.6124,1.1889,1.1212
NC105.1,NC34.2,W24xW3R5,0.05,0.0925,9516667,6700000,6450000,1.8492,0.9553,0.7979,1.0874,1.0606
NC105.1,NC34.2,W24xW3R7,0.05,0.0798,10450000,6100000,7650000,1.596,0.9686,0.8559,0.8232,0.8258
NC105.1,NC34.2,W24xW3R8,0.05,0.1296,9400000,3475000,5200000,2.5911,0.9163,0.6977,0.7293,0.7252
NC105.1,NC34.2,W24xW3R9,0.05,0.098,10100000,6490000,7250000,1.96,0.9495,0.7108,0.9428,0.9201
NC105.1,NC52.3,W24xW6R1,0.05,0.081,8900000,8740000,.,1.62,0.9674,.,.,.
NC105.1,NC52.3,W24xW6R2,0.05,.,8900000,8740000,9050000,.,.,.,.,0.9666
NC105.1,NC52.3,W24xW6R3,0.05,0.082,8580000,8730000,8900000,1.64,0.9663,0.5878,1.0151,0.9801
NC105.1,NC52.3,W24xW6R5,0.05,0.0636,9520000,7740000,5350000,1.2714,0.9857,1.3995,1.4677,1.4634
NC105.1,NC52.3,W24xW6R6,0.05,0.0706,9520000,7740000,8850000,1.4127,0.9783,0.7614,0.894,0.8846
NC105.1,NC52.3,W24xW6R7,0.05,0.0939,8950000,8990000,9900000,1.8788,0.9537,0.4812,0.9521,0.9079
NC105.1,NC52.3,W24xW6R9,0.05,0.0525,8130000,8120000,7900000,1.0505,0.9973,0.9796,1.0306,1.0279
NC105.1,NC60.1,W24xW9R1,0.05,0.0848,8950000,11000000,8250000,1.697,0.9633,0.6393,1.3841,1.3209
NC105.1,NC60.1,W24xW9R2,0.05,0.0941,9400000,9480000,8950000,1.8826,0.9535,0.5579,1.1108,1.0588
NC34.2,NC69.1,W3xW13R1,0.05,0.0533,7410000,7390000,7950000,1.0667,0.9965,0.8738,0.9328,0.9297
NC34.2,NC71.1,W3xW14R1,0.05,0.1371,5120000,2880000,2600000,2.7411,0.9084,0.7184,1.2194,1.1508
NC34.2,NC71.1,W3xW14R3,0.05,0.1112,6790000,3720000,3900000,2.2245,0.9356,0.7827,1.0196,0.9932
NC34.2,NC80.1,W3xW18R1,0.05,0.0602,6790000,6830000,8100000,1.2041,0.9893,0.6962,0.8524,0.843
NC52.3,NC69.1,W6xW13R1,0.05,0.056,8360000,9570000,7300000,1.119,0.9937,1.0234,1.3192,1.3027
NC52.3,NC69.1,W6xW13R2,0.05,0.0778,8120000,6580000,7650000,1.5556,0.9708,0.6824,0.886,0.8702
NC52.3,NC69.1,W6xW13R3,0.05,0.1375,7550000,5600000,4750000,2.75,0.9079,0.578,1.2986,1.1995
NC52.3,NC71.1,W6xW14R1,0.05,0.2014,8360000,5100000,2200000,4.0285,0.8406,0.9433,2.7578,2.3923
NC52.3,NC71.1,W6xW14R2,0.05,0.0939,8120000,4000000,3900000,1.8788,0.9537,1.1082,1.0754,1.0785
NC52.3,NC71.1,W6xW14R3,0.05,0.1292,7550000,3800000,4000000,2.5833,0.9167,0.7306,1.0364,0.9969
NC52.3,NC80.1,W6xW18R1,0.05,0.0519,8360000,6280000,6900000,1.0376,0.998,1.1676,0.912,0.9252
NC52.3,NC80.1,W6xW18R2,0.05,0.0202,8120000,6580000,7400000,0.404,1.0314,2.7158,0.8621,0.8996
NC52.3,NC80.1,W6xW18R3,0.05,0.0594,7550000,4850000,7250000,1.1875,0.9901,0.877,0.6756,0.6876
NC52.3,NC99.1,W6xW23R1,0.05,0.043,8740000,8540000,11000000,0.8598,1.0074,0.9241,0.7707,0.7773
NC52.3,NC99.1,W6xW23R3,0.05,0.0223,8730000,7900000,9400000,0.4458,1.0292,2.0833,0.8166,0.8448
NC52.3,NC99.1,W6xW23R4,0.05,.,8730000,7900000,10300000,.,.,.,.,0.771
NC52.3,NC99.1,W6xW23R5,0.05,0.0394,7740000,3110000,7900000,0.7871,1.0112,1.2448,0.3893,0.423
NC52.3,NC99.1,W6xW23R6,0.05,0.0715,7740000,3110000,5050000,1.4301,0.9774,1.0718,0.6301,0.6617
NC52.3,NC99.1,W6xW23R7,0.05,0.0586,8120000,6650000,7500000,1.1717,0.991,0.924,0.8948,0.8965
NC52.3,NC99.1,W6xW23R8,0.05,0.0615,7550000,6530000,6900000,1.2292,0.9879,0.8902,0.9579,0.9538
NC52.3,NC34.2,W6xW3R1,0.05,0.0519,8360000,5670000,5900000,1.0376,0.998,1.3656,0.9629,0.9838
NC52.3,NC34.2,W6xW3R2,0.05,0.0485,8120000,4250000,5200000,0.9697,1.0016,1.6103,0.816,0.8545
NC52.3,NC34.2,W6xW3R3,0.05,0.0594,7550000,4480000,5150000,1.1875,0.9901,1.2345,0.8786,0.8997
NC52.3,NC60.1,W6xW9R1,0.05,0.0478,8360000,11100000,9650000,0.9563,1.0023,0.906,1.1476,1.1361
NC52.3,NC60.1,W6xW9R2,0.05,0.0333,8120000,6700000,7700000,0.6667,1.0175,1.5818,0.8551,0.8794
NC52.3,NC60.1,W6xW9R3,0.05,0.0344,7550000,7100000,7900000,0.6875,1.0164,1.3901,0.8842,0.9016
NC60.1,NC71.1,W9xW14R1,0.05,0.1421,7570000,2880000,5400000,2.8427,0.903,0.4931,0.5906,0.5768
NC63.2,NC69.1,W11xW13R1,0.1,0.2883,3940000,6930000,5550000,2.8834,0.7907,0.2462,1.5791,1.1948
NC63.2,NC69.1,W11xW13R2,0.1,0.2241,8550000,7680000,5200000,2.2407,0.8621,0.7338,1.7131,1.4937
NC63.2,NC69.1,W11xW13R3,0.1,0.3477,4210000,4750000,4150000,3.4769,0.7248,0.2918,1.5792,1.1316
NC63.2,NC71.1,W11xW14R1,0.1,0.3994,8550000,5230000,5200000,3.9938,0.6674,0.4117,1.5071,1.0696
NC63.2,NC71.1,W11xW14R2,0.1,0.3559,4210000,3830000,4150000,3.559,0.7157,0.285,1.2895,0.932
NC63.2,NC80.1,W11xW18R1,0.1,0.1608,8550000,6600000,6500000,1.6079,0.9325,0.8181,1.0889,1.0454
NC63.2,NC80.1,W11xW18R2,0.1,0.1621,4210000,8050000,7900000,1.6205,0.9311,0.3289,1.0944,0.9704
NC63.2,NC99.1,W11xW23R1,0.1,0.18,3940000,5680000,4850000,1.7996,0.9112,0.4514,1.2853,1.1353
NC63.2,NC99.1,W11xW23R2,0.1,0.2044,8550000,7180000,7550000,2.0436,0.884,0.5542,1.0757,0.9691
NC63.2,NC99.1,W11xW23R3,0.1,0.1672,4210000,8650000,9800000,1.6718,0.9254,0.257,0.9539,0.8373
NC63.2,NC34.2,W11xW3R1,0.1,0.1732,8550000,3380000,4150000,1.7324,0.9186,1.1893,0.8866,0.939
NC63.2,NC34.2,W11xW3R2,0.1,0.1549,4210000,4400000,4200000,1.5487,0.939,0.6472,1.1156,1.0431
NC63.2,NC52.3,W11xW6R1,0.1,0.221,8550000,7320000,7000000,2.2095,0.8656,0.5528,1.2081,1.0633
NC63.2,NC52.3,W11xW6R2,0.1,0.1091,6480000,8120000,9700000,1.0909,0.9899,0.6124,0.8457,0.8202
NC63.2,NC52.3,W11xW6R3,0.1,0.1083,7000000,7550000,9650000,1.0833,0.9907,0.6696,0.7897,0.7767
NC63.2,NC52.3,W11xW6R4,0.1,0.1292,4210000,8750000,10700000,1.2923,0.9675,0.3045,0.8452,0.7753
NC63.2,NC60.1,W11xW9R1,0.1,0.1898,8550000,7390000,8750000,1.8983,0.9002,0.5147,0.9382,0.8578
NC63.2,NC60.1,W11xW9R2,0.1,0.1262,4210000,9530000,9200000,1.2615,0.9709,0.3627,1.0669,0.978
NC28.1,NC63.2,W1xW11R1,0.1,0.137,9290000,8125000,6800000,1.3549,0.9606,0.9972,1.2461,1.212
NC28.1,NC63.2,W1xW11R10,0.1,0.3154,8550000,8551000,11500000,3.1535,0.7607,0.2358,0.9775,0.7436
NC28.1,NC63.2,W1xW11R11,0.1,0.1969,9600000,4210000,5150000,1.9692,0.8923,0.9466,0.9161,0.9221
NC28.1,NC63.2,W1xW11R12,0.1,0.159,6160000,7040000,7580000,1.59,0.9344,0.5111,0.9939,0.9172
NC28.1,NC63.2,W1xW11R13,0.1,0.157,6890000,7580000,7540000,1.57,0.9367,0.582,1.0733,0.9962
NC28.1,NC63.2,W1xW11R14,0.1,0.159,5540000,5920000,6300000,1.59,0.9344,0.5531,1.0056,0.9337
NC28.1,NC63.2,W1xW11R15,0.1,0.171,6010000,6500000,7010000,1.71,0.9211,0.5014,1.0067,0.9203
NC28.1,NC63.2,W1xW11R16,0.1,0.148,7240000,7660000,7840000,1.48,0.9467,0.624,1.0321,0.9717
NC28.1,NC63.2,W1xW11R17,0.1,0.154,6650000,7500000,7810000,1.54,0.94,0.5529,1.0216,0.9494
NC28.1,NC63.2,W1xW11R18,0.1,0.165,7910000,8430000,8810000,1.65,0.9278,0.5441,1.0314,0.951
NC28.1,NC63.2,W1xW11R2,0.1,0.136,9290000,8125000,7200000,1.1432,0.9841,0.9487,1.1755,1.1447
NC28.1,NC63.2,W1xW11R3,0.1,0.13,9680000,8941667,11100000,1.2854,0.9683,0.6708,0.8333,0.8122
NC28.1,NC63.2,W1xW11R4,0.1,0.105,9680000,8941667,11600000,0.9533,1.0052,0.7947,0.7751,0.7772
NC28.1,NC63.2,W1xW11R5,0.1,0.172,5320000,2980000,3100000,1.7175,0.9203,0.9977,1.0449,1.0368
NC28.1,NC63.2,W1xW11R6,0.1,0.199,5320000,2980000,2450000,1.925,0.8972,1.0912,1.3667,1.3118
NC28.1,NC63.2,W1xW11R7,0.1,0.1743,6125000,1150000,1850000,1.7431,0.9174,1.8994,0.6776,0.8905
NC28.1,NC63.2,W1xW11R8,0.1,0.1878,9900000,4925000,5950000,1.8782,0.9024,0.8859,0.9172,0.9113
NC28.1,NC63.2,W1xW11R9,0.1,0.2168,12200000,3943750,4600000,2.1677,0.8703,1.2235,0.9852,1.0368
NC28.1,NC69.1,W1xW13R1,0.1,0.155,6130000,8300000,7500000,1.55,0.9389,0.5273,1.1787,1.0777
NC28.1,NC69.1,W1xW13R2,0.1,0.2873,9900000,6900000,6400000,2.8731,0.7919,0.5384,1.3615,1.125
NC28.1,NC71.1,W1xW14R1,0.1,0.3313,6130000,2580000,2850000,3.3129,0.743,0.6492,1.2184,1.0298
NC28.1,NC71.1,W1xW14R2,0.1,0.5249,9900000,6100000,6950000,5.2487,0.5279,0.2714,1.6626,0.9324
NC28.1,NC80.1,W1xW18R1,0.1,0.158,6130000,1900000,6350000,1.58,0.9356,0.611,0.3198,0.3658
NC28.1,NC80.1,W1xW18R2,0.1,0.2274,9900000,7250000,.,2.2741,0.8584,.,.,.
NC28.1,NC99.1,W1xW23R1,0.1,0.1346,6130000,8450000,7300000,1.3456,0.9616,0.6241,1.2038,1.1258
NC28.1,NC99.1,W1xW23R2,0.1,0.2152,6130000,8450000,7100000,2.1523,0.872,0.4011,1.3649,1.1575
NC28.1,NC34.2,W1xW3R1,0.1,0.107,6130000,9080000,10900000,1.0703,0.9922,0.5254,0.8396,0.806
NC28.1,NC34.2,W1xW3R2,0.1,0.1442,9900000,4170000,6050000,1.4416,0.9509,1.1351,0.7248,0.784
NC28.1,NC52.3,W1xW6R1,0.1,0.1641,6130000,6550000,8750000,1.6412,0.9288,0.4269,0.806,0.7438
NC28.1,NC52.3,W1xW6R2,0.1,0.1746,9900000,7330000,8300000,1.7462,0.9171,0.6831,0.963,0.9141
NC28.1,NC52.3,W1xW6R3,0.1,0.1263,8230000,8120000,8600000,1.2626,0.9708,0.7579,0.9726,0.9455
NC28.1,NC52.3,W1xW6R4,0.1,0.1708,7480000,7550000,7750000,1.7083,0.9213,0.565,1.0574,0.9733
NC28.1,NC60.1,W1xW9R1,0.1,0.1254,6130000,7000000,10900000,1.2538,0.9718,0.4485,0.6608,0.6342
NC28.1,NC60.1,W1xW9R2,0.1,0.133,9900000,9700000,10650000,1.3299,0.9633,0.699,0.9455,0.9127
NC28.1,NC60.1,W1xW9R3,0.1,0.1366,7240000,8690000,8750000,1.3657,0.9594,0.6059,1.0352,0.9766
NC28.1,NC60.1,W1xW9R4,0.1,0.1792,7240000,8690000,8250000,1.7925,0.9119,0.4896,1.155,1.0358
NC105.1,NC63.2,W24xW11R1,0.1,0.1869,8950000,5680000,5400000,1.8687,0.9035,0.8869,1.1642,1.1124
NC105.1,NC63.2,W24xW11R2,0.1,0.2217,9400000,4450000,6400000,2.2166,0.8648,0.6626,0.804,0.7727
NC105.1,NC63.2,W24xW11R3,0.1,0.1677,8580000,3940000,3850000,1.6769,0.9248,1.329,1.1066,1.1439
NC105.1,NC63.2,W24xW11R4,0.1,0.1255,8780000,8550000,9400000,1.2552,0.9716,0.7441,0.9361,0.912
NC105.1,NC63.2,W24xW11R5,0.1,0.1579,11500000,4210000,6250000,1.5795,0.9356,1.1649,0.72,0.7902
NC105.1,NC69.1,W24xW13R1,0.1,0.2598,12200000,7390000,7150000,2.5982,0.8224,0.6567,1.2567,1.1008
NC105.1,NC69.1,W24xW13R2,0.1,0.2353,12200000,7390000,8100000,2.3529,0.8497,0.6401,1.0738,0.9717
NC105.1,NC69.1,W24xW13R3,0.1,0.2566,8950000,7980000,8150000,2.5657,0.826,0.428,1.1853,0.991
NC105.1,NC69.1,W24xW13R4,0.1,0.2864,9400000,3450000,5250000,2.8644,0.7928,0.6251,0.8288,0.7705
NC105.1,NC71.1,W24xW14R1,0.1,0.2611,10800000,2880000,2000000,2.6113,0.821,2.0679,1.754,1.836
NC105.1,NC71.1,W24xW14R2,0.1,0.279,10800000,2880000,5350000,2.7897,0.8011,0.7236,0.6719,0.6864
NC105.1,NC71.1,W24xW14R3,0.1,0.2683,8840000,3720000,4600000,2.6834,0.813,0.7162,0.9948,0.92
NC105.1,NC71.1,W24xW14R4,0.1,0.2126,8840000,3720000,4450000,2.1261,0.8749,0.9343,0.9555,0.951
NC105.1,NC71.1,W24xW14R5,0.1,0.2889,8950000,2950000,5900000,2.8889,0.7901,0.5251,0.6328,0.6017
NC105.1,NC71.1,W24xW14R6,0.1,0.2379,9400000,1650000,5400000,2.3785,0.8468,0.7319,0.3608,0.4491
NC105.1,NC80.1,W24xW18R1,0.1,0.1273,8950000,7530000,7950000,1.2727,0.9697,0.8845,0.9768,0.965
NC105.1,NC80.1,W24xW18R2,0.1,0.1872,9400000,4130000,9400000,1.8725,0.9031,0.5341,0.4865,0.4954
NC105.1,NC28.1,W24xW1R1,0.1,0.156,10600000,6130000,8250000,1.5596,0.9378,0.8238,0.7923,0.7972
NC105.1,NC28.1,W24xW1R2,0.1,0.1366,9400000,9280000,8400000,1.3664,0.9593,0.819,1.1516,1.1062
NC105.1,NC28.1,W24xW1R3,0.1,0.134,10300000,9900000,9500000,1.3401,0.9622,0.8091,1.083,1.0463
NC105.1,NC99.1,W24xW23R1,0.1,0.1404,8950000,8600000,8050000,1.404,0.9551,0.7919,1.1185,1.0727
NC105.1,NC99.1,W24xW23R2,0.1,0.1967,11400000,6890000,7150000,1.967,0.8926,0.8106,1.0796,1.0267
NC105.1,NC99.1,W24xW23R3,0.1,0.1523,11400000,6890000,6350000,1.5226,0.9419,1.1791,1.1519,1.1561
NC105.1,NC99.1,W24xW23R4,0.1,0.1121,11400000,6890000,9250000,1.1214,0.9865,1.099,0.755,0.7936
NC105.1,NC99.1,W24xW23R5,0.1,0.1504,11400000,6890000,8200000,1.5035,0.9441,0.9247,0.89,0.8952
NC105.1,NC99.1,W24xW23R6,0.1,0.1842,11400000,6890000,7400000,1.8421,0.9064,0.8363,1.0272,0.992
NC105.1,NC99.1,W24xW23R7,0.1,0.1515,11400000,6890000,7100000,1.5152,0.9428,1.0597,1.0293,1.0339
NC105.1,NC34.2,W24xW3R1,0.1,0.1742,10833333,5116667,9000000,1.7422,0.9175,0.6909,0.6196,0.632
NC105.1,NC34.2,W24xW3R10,0.1,0.168,9940000,6310000,7330000,1.68,0.9244,0.8072,0.9312,0.9104
NC105.1,NC34.2,W24xW3R11,0.1,0.172,9470000,6870000,7830000,1.72,0.92,0.7032,0.9537,0.9106
NC105.1,NC34.2,W24xW3R12,0.1,0.168,10000000,6910000,7840000,1.68,0.9244,0.7592,0.9534,0.9208
NC105.1,NC34.2,W24xW3R13,0.1,0.166,9300000,6320000,7420000,1.66,0.9267,0.755,0.9192,0.8919
NC105.1,NC34.2,W24xW3R14,0.1,0.2026,9780000,5950000,7025000,2.0257,0.886,0.6873,0.9559,0.9015
NC105.1,NC34.2,W24xW3R15,0.1,0.204,9890000,5050000,6350000,2.0404,0.8844,0.7633,0.8992,0.8715
NC105.1,NC34.2,W24xW3R2,0.1,0.1569,10833333,5116667,7600000,1.5692,0.9368,0.9084,0.7187,0.7485
NC105.1,NC34.2,W24xW3R3,0.1,0.2004,8843750,6792857,5500000,2.004,0.8884,0.8024,1.3902,1.2724
NC105.1,NC34.2,W24xW3R4,0.1,0.1959,8843750,6792857,5100000,1.9594,0.8934,0.885,1.4909,1.3721
NC105.1,NC34.2,W24xW3R5,0.1,0.1839,9516667,6700000,5300000,1.8392,0.9068,0.9763,1.3941,1.3173
NC105.1,NC34.2,W24xW3R6,0.1,0.1633,9516667,6700000,7450000,1.6327,0.9297,0.7824,0.9673,0.9371
NC105.1,NC34.2,W24xW3R7,0.1,0.1646,10450000,6100000,9650000,1.6465,0.9282,0.6577,0.681,0.6772
NC105.1,NC34.2,W24xW3R8,0.1,0.1984,9400000,3475000,5450000,1.9838,0.8907,0.8694,0.7159,0.7463
NC105.1,NC34.2,W24xW3R9,0.1,0.171,10100000,6490000,7410000,1.71,0.9211,0.7971,0.9509,0.9246
NC105.1,NC52.3,W24xW6R1,0.1,0.124,8900000,8740000,7850000,1.24,0.9733,0.9143,1.1439,1.1154
NC105.1,NC52.3,W24xW6R10,0.1,0.0927,9000000,7550000,8800000,0.9271,1.0081,1.1032,0.8511,0.8744
NC105.1,NC52.3,W24xW6R2,0.1,0.1035,8900000,8740000,9050000,1.0348,0.9961,0.9503,0.9695,0.9675
NC105.1,NC52.3,W24xW6R3,0.1,0.156,8580000,8730000,10100000,1.56,0.9378,0.5446,0.9217,0.8629
NC105.1,NC52.3,W24xW6R4,0.1,0.1165,8580000,8730000,6600000,1.1651,0.9817,1.1157,1.3475,1.3205
NC105.1,NC52.3,W24xW6R5,0.1,0.1181,9520000,7740000,8750000,1.1806,0.9799,0.9215,0.9027,0.9049
NC105.1,NC52.3,W24xW6R6,0.1,0.108,9520000,7740000,8050000,1.0797,0.9911,1.0953,0.9701,0.9836
NC105.1,NC52.3,W24xW6R7,0.1,0.1687,8950000,8990000,11110000,1.6869,0.9237,0.4776,0.876,0.8088
NC105.1,NC52.3,W24xW6R8,0.1,0.1089,8400000,8360000,8150000,1.0885,0.9902,0.9469,1.036,1.0263
NC105.1,NC52.3,W24xW6R9,0.1,0.0848,8130000,8120000,7850000,0.8485,1.0168,1.2206,1.0173,1.0345
NC105.1,NC60.1,W24xW9R1,0.1,0.1505,8950000,11000000,9700000,1.5051,0.9439,0.6131,1.2014,1.1129
NC105.1,NC60.1,W24xW9R2,0.1,0.166,9400000,9480000,8500000,1.6599,0.9267,0.6662,1.2035,1.1144
NC34.2,NC69.1,W3xW13R1,0.1,0.1272,7410000,7390000,7600000,1.2718,0.9698,0.7666,1.0026,0.9726
NC34.2,NC69.1,W3xW13R2,0.1,0.1278,7410000,7390000,8200000,1.2779,0.9691,0.7071,0.9299,0.9015
NC34.2,NC71.1,W3xW14R1,0.1,0.2437,5120000,2880000,3450000,2.4365,0.8404,0.6091,0.9933,0.8997
NC34.2,NC71.1,W3xW14R2,0.1,0.2164,5120000,2880000,3600000,2.1641,0.8707,0.6572,0.9188,0.8622
NC34.2,NC71.1,W3xW14R3,0.1,0.2276,6790000,3720000,4450000,2.2755,0.8583,0.6705,0.974,0.9049
NC34.2,NC71.1,W3xW14R4,0.1,0.2248,6790000,3720000,6600000,2.2482,0.8613,0.4576,0.6544,0.6102
NC34.2,NC80.1,W3xW18R1,0.1,0.1184,6790000,6830000,7050000,1.1837,0.9796,0.8137,0.989,0.9682
NC34.2,NC80.1,W3xW18R2,0.1,0.1138,6790000,6830000,7400000,1.138,0.9847,0.8063,0.9373,0.9224
NC52.3,NC69.1,W6xW13R1,0.1,0.1333,8360000,9570000,7750000,1.3327,0.963,0.8094,1.2822,1.2192
NC52.3,NC69.1,W6xW13R2,0.1,0.1879,8120000,6580000,7500000,1.8788,0.9024,0.5763,0.9723,0.8979
NC52.3,NC69.1,W6xW13R3,0.1,0.1844,7550000,5600000,5750000,1.8438,0.9063,0.7122,1.0747,1.0078
NC52.3,NC71.1,W6xW14R2,0.1,0.1899,8120000,4000000,4650000,1.899,0.9001,0.9196,0.9557,0.9488
NC52.3,NC71.1,W6xW14R3,0.1,0.1781,7550000,3800000,6700000,1.7813,0.9132,0.6326,0.6211,0.6231
NC52.3,NC80.1,W6xW18R1,0.1,0.0936,8360000,6280000,9650000,0.9359,1.0071,0.9256,0.6462,0.6723
NC52.3,NC80.1,W6xW18R2,0.1,0.0657,8120000,6580000,7900000,0.6566,1.0382,1.5655,0.8023,0.8524
NC52.3,NC80.1,W6xW18R3,0.1,0.0938,7550000,4850000,7450000,0.9375,1.0069,1.081,0.6465,0.6872
NC52.3,NC99.1,W6xW23R1,0.1,0.0972,8740000,8540000,10000000,0.9724,1.0031,0.8988,0.8514,0.856
NC52.3,NC99.1,W6xW23R2,0.1,0.1143,8740000,8540000,9550000,1.1432,0.9841,0.8006,0.9087,0.8963
NC52.3,NC99.1,W6xW23R3,0.1,0.0547,8730000,7900000,10200000,0.5471,1.0503,1.5644,0.7374,0.7826
NC52.3,NC99.1,W6xW23R4,0.1,0.0761,8730000,7900000,10600000,0.7613,1.0265,1.0818,0.726,0.7531
NC52.3,NC99.1,W6xW23R5,0.1,0.0827,7740000,3110000,9100000,0.8274,1.0192,1.0279,0.3353,0.3926
NC52.3,NC99.1,W6xW23R6,0.1,0.1181,7740000,3110000,6300000,1.1813,0.9799,1.04,0.5038,0.5671
NC52.3,NC99.1,W6xW23R7,0.1,0.0939,8120000,6650000,7600000,0.9394,1.0067,1.1374,0.8691,0.8943
NC52.3,NC99.1,W6xW23R8,0.1,0.1052,7550000,6530000,6900000,1.0521,0.9942,1.04,0.9519,0.9612
NC52.3,NC34.2,W6xW3R1,0.1,0.0936,8360000,5670000,8150000,0.9359,1.0071,1.096,0.6908,0.7287
NC52.3,NC34.2,W6xW3R2,0.1,0.098,8120000,4250000,5100000,0.9798,1.0022,1.625,0.8315,0.9092
NC52.3,NC34.2,W6xW3R3,0.1,0.0906,7550000,4480000,5600000,0.9063,1.0104,1.4877,0.7918,0.8548
NC52.3,NC60.1,W6xW9R1,0.1,0.0926,8360000,11100000,9600000,0.9257,1.0083,0.9407,1.1468,1.1277
NC52.3,NC60.1,W6xW9R2,0.1,0.0646,8120000,6700000,8400000,0.6465,1.0393,1.4953,0.7675,0.8145
NC52.3,NC60.1,W6xW9R3,0.1,0.0552,7550000,7100000,7050000,0.5521,1.0498,1.9398,0.9593,1.0135
NC60.1,NC71.1,W9xW14R1,0.1,0.252,7570000,2880000,4250000,2.5202,0.8311,0.7068,0.8154,0.788
NC60.1,NC71.1,W9xW14R2,0.1,0.1846,7570000,2880000,3350000,1.8462,0.906,1.224,0.9489,0.9997
NC63.2,NC69.1,W11xW13R1,0.25,0.4908,3940000,6930000,5250000,1.9632,0.6789,0.3823,1.9442,1.1776
NC63.2,NC69.1,W11xW13R2,0.25,0.5093,8550000,7680000,6700000,2.0373,0.6542,0.6264,1.7521,1.1787
NC63.2,NC69.1,W11xW13R3,0.25,0.6113,4210000,4750000,4850000,2.4451,0.5183,0.355,1.8896,0.9515
NC63.2,NC71.1,W11xW14R1,0.25,0.6338,8550000,5230000,6700000,2.5353,0.4882,0.5033,1.5988,0.9045
NC63.2,NC71.1,W11xW14R2,0.25,0.641,4210000,3830000,4850000,2.5641,0.4786,0.3385,1.6499,0.8093
NC63.2,NC80.1,W11xW18R1,0.25,0.334,8550000,6600000,6800000,1.3361,0.888,0.9411,1.093,1.0423
NC63.2,NC80.1,W11xW18R2,0.25,0.3323,4210000,8050000,9500000,1.3292,0.8903,0.3334,0.9518,0.7463
NC63.2,NC99.1,W11xW23R1,0.25,0.3364,3940000,5680000,4600000,1.3456,0.8848,0.6365,1.3956,1.1402
NC63.2,NC99.1,W11xW23R2,0.25,0.3932,8550000,7180000,8650000,1.5726,0.8091,0.6285,1.0259,0.8697
NC63.2,NC99.1,W11xW23R3,0.25,0.3436,4210000,8650000,8250000,1.3744,0.8752,0.3713,1.198,0.9139
NC63.2,NC34.2,W11xW3R1,0.25,0.3465,8550000,3380000,5600000,1.3859,0.8714,1.1017,0.6927,0.8344
NC63.2,NC34.2,W11xW3R2,0.25,0.3272,4210000,4400000,4750000,1.3087,0.8971,0.6772,1.0326,0.9163
NC63.2,NC52.3,W11xW6R1,0.25,0.4118,8550000,7320000,6600000,1.6473,0.7842,0.7864,1.4142,1.1557
NC63.2,NC52.3,W11xW6R2,0.25,0.2687,6480000,8120000,7000000,1.0747,0.9751,0.8613,1.1896,1.1014
NC63.2,NC52.3,W11xW6R3,0.25,0.2917,7000000,7550000,8150000,1.1667,0.9444,0.7362,0.9809,0.9095
NC63.2,NC52.3,W11xW6R4,0.25,0.3364,4210000,8750000,8000000,1.3456,0.8848,0.3911,1.2362,0.9519
NC63.2,NC60.1,W11xW9R1,0.25,0.3734,8550000,7390000,9050000,1.4938,0.8354,0.6325,0.9775,0.8486
NC63.2,NC60.1,W11xW9R2,0.25,0.2903,4210000,9530000,7500000,1.161,0.9463,0.4835,1.3427,1.0933
NC28.1,NC63.2,W1xW11R1,0.25,0.275,9290000,8125000,9200000,1.1001,0.9666,0.918,0.9136,0.9148
NC28.1,NC63.2,W1xW11R10,0.25,0.4336,8550000,8551000,14200000,1.7344,0.7552,0.3472,0.7974,0.6022
NC28.1,NC63.2,W1xW11R11,0.25,0.3723,9600000,4210000,4900000,1.4892,0.8369,1.3156,1.0266,1.1342
NC28.1,NC63.2,W1xW11R12,0.25,0.297,6160000,7040000,8360000,1.188,0.9373,0.6202,0.8984,0.8158
NC28.1,NC63.2,W1xW11R13,0.25,0.327,6890000,7580000,8660000,1.308,0.8973,0.6083,0.9754,0.8554
NC28.1,NC63.2,W1xW11R14,0.25,0.317,5540000,5920000,6910000,1.268,0.9107,0.6323,0.9408,0.843
NC28.1,NC63.2,W1xW11R15,0.25,0.304,6010000,6500000,7430000,1.216,0.928,0.6652,0.9427,0.8583
NC28.1,NC63.2,W1xW11R16,0.25,0.304,7240000,7660000,8950000,1.216,0.928,0.6652,0.9223,0.8441
NC28.1,NC63.2,W1xW11R17,0.25,0.314,6650000,7500000,8740000,1.256,0.9147,0.6058,0.9382,0.8338
NC28.1,NC63.2,W1xW11R18,0.25,0.307,7910000,8430000,9550000,1.228,0.924,0.6745,0.9553,0.8691
NC28.1,NC63.2,W1xW11R2,0.25,0.326,9290000,8125000,9250000,1.24,0.92,0.7702,0.9774,0.9099
NC28.1,NC63.2,W1xW11R3,0.25,0.288,9680000,8941667,11300000,1.1538,0.9487,0.7436,0.8335,0.8076
NC28.1,NC63.2,W1xW11R4,0.25,0.27,9680000,8941667,12600000,1.0507,0.9831,0.7113,0.7291,0.7243
NC28.1,NC63.2,W1xW11R5,0.25,0.354,5320000,2980000,4450000,1.4268,0.8577,0.8443,0.7775,0.8011
NC28.1,NC63.2,W1xW11R6,0.25,0.356,5320000,2980000,4500000,1.4063,0.8646,0.8302,0.7712,0.7922
NC28.1,NC63.2,W1xW11R7,0.25,0.3354,6125000,1150000,2500000,1.3415,0.8862,1.8263,0.5191,0.9575
NC28.1,NC63.2,W1xW11R8,0.25,0.3492,9900000,4925000,7450000,1.397,0.8677,0.9513,0.7619,0.828
NC28.1,NC63.2,W1xW11R9,0.25,0.4254,12200000,3943750,7300000,1.7014,0.7662,0.9823,0.7051,0.823
NC28.1,NC69.1,W1xW13R1,0.25,0.293,6130000,8300000,6850000,1.172,0.9427,0.7636,1.2854,1.1325
NC28.1,NC69.1,W1xW13R2,0.25,0.6061,9900000,6900000,6400000,2.4244,0.5252,0.6381,2.0527,1.1953
NC28.1,NC71.1,W1xW14R1,0.25,0.6789,6130000,2580000,4300000,2.7156,0.4281,0.525,1.4014,0.8064
NC28.1,NC71.1,W1xW14R2,0.25,0.7137,9900000,6100000,7750000,2.8548,0.3817,0.4475,2.0619,0.9097
NC28.1,NC80.1,W1xW18R1,0.25,0.4118,6130000,1900000,7650000,1.6473,0.7842,0.4864,0.3167,0.3866
NC28.1,NC80.1,W1xW18R2,0.25,0.3919,9900000,7250000,.,1.5675,0.8108,.,.,.
NC28.1,NC99.1,W1xW23R1,0.25,0.3252,6130000,8450000,6700000,1.3007,0.8998,0.7034,1.4017,1.1746
NC28.1,NC99.1,W1xW23R2,0.25,0.3462,6130000,8450000,7500000,1.3848,0.8717,0.5902,1.2924,1.0493
NC28.1,NC34.2,W1xW3R1,0.25,0.2793,6130000,9080000,9100000,1.1172,0.9609,0.6029,1.0384,0.9168
NC28.1,NC34.2,W1xW3R2,0.25,0.2741,9900000,4170000,6200000,1.0964,0.9679,1.4563,0.6949,0.9036
NC28.1,NC52.3,W1xW6R1,0.25,0.3619,6130000,6550000,8000000,1.4475,0.8508,0.5294,0.9623,0.8056
NC28.1,NC52.3,W1xW6R2,0.25,0.3888,9900000,7330000,8000000,1.5553,0.8149,0.7957,1.1244,0.9966
NC28.1,NC52.3,W1xW6R3,0.25,0.2859,8230000,8120000,8550000,1.1434,0.9522,0.8418,0.9974,0.9529
NC28.1,NC52.3,W1xW6R4,0.25,0.3823,7480000,7550000,6700000,1.5292,0.8236,0.7301,1.3682,1.1243
NC28.1,NC60.1,W1xW9R1,0.25,0.2966,6130000,7000000,9100000,1.1865,0.9378,0.5677,0.8202,0.7453
NC28.1,NC60.1,W1xW9R2,0.25,0.2376,9900000,9700000,.,0.9503,1.0166,.,.,.
NC28.1,NC60.1,W1xW9R3,0.25,0.2438,7240000,8690000,7200000,0.9752,1.0083,1.0312,1.197,1.1566
NC28.1,NC60.1,W1xW9R4,0.25,0.3438,7240000,8690000,8300000,1.3753,0.8749,0.6343,1.1967,1.0033
NC105.1,NC63.2,W24xW11R1,0.25,0.3727,8950000,5680000,8200000,1.4909,0.8364,0.7321,0.8282,0.7924
NC105.1,NC63.2,W24xW11R2,0.25,0.3877,9400000,4450000,8150000,1.5506,0.8165,0.7438,0.6688,0.6979
NC105.1,NC63.2,W24xW11R3,0.25,0.3047,8580000,3940000,5900000,1.2188,0.9271,1.1932,0.7203,0.8644
NC105.1,NC63.2,W24xW11R4,0.25,0.2272,8780000,8550000,11000000,0.9087,1.0304,0.8784,0.7543,0.7825
NC105.1,NC63.2,W24xW11R5,0.25,0.319,11500000,4210000,6750000,1.2759,0.908,1.3353,0.6869,0.8937
NC105.1,NC69.1,W24xW13R1,0.25,0.5096,12200000,7390000,7100000,2.0383,0.6539,0.843,1.5917,1.2102
NC105.1,NC69.1,W24xW13R2,0.25,0.4939,12200000,7390000,8850000,1.9757,0.6748,0.6978,1.2375,0.9709
NC105.1,NC69.1,W24xW13R3,0.25,0.5677,8950000,7980000,7700000,2.2707,0.5764,0.5119,1.7979,1.0679
NC105.1,NC69.1,W24xW13R4,0.25,0.5526,9400000,3450000,5550000,2.2105,0.5965,0.7662,1.0421,0.8896
NC105.1,NC71.1,W24xW14R1,0.25,0.5192,10800000,2880000,3150000,2.0769,0.641,1.6508,1.4263,1.5429
NC105.1,NC71.1,W24xW14R2,0.25,0.561,10800000,2880000,7950000,2.2441,0.5853,0.6054,0.6189,0.6113
NC105.1,NC71.1,W24xW14R3,0.25,0.5075,8840000,3720000,7500000,2.0302,0.6566,0.5806,0.7554,0.6667
NC105.1,NC71.1,W24xW14R4,0.25,0.4964,8840000,3720000,7800000,1.9858,0.6714,0.5707,0.7103,0.641
NC105.1,NC71.1,W24xW14R5,0.25,0.6253,8950000,2950000,8800000,2.501,0.4997,0.4067,0.6709,0.5057
NC105.1,NC71.1,W24xW14R6,0.25,0.5486,9400000,1650000,5450000,2.1943,0.6019,0.786,0.503,0.6583
NC105.1,NC80.1,W24xW18R1,0.25,0.3515,8950000,7530000,10000000,1.4061,0.8646,0.6365,0.8709,0.7885
NC105.1,NC80.1,W24xW18R2,0.25,0.4231,9400000,4130000,9950000,1.6923,0.7692,0.5582,0.5396,0.5475
NC105.1,NC28.1,W24xW1R1,0.25,0.3323,10600000,6130000,9800000,1.3293,0.8902,0.8137,0.7026,0.7395
NC105.1,NC28.1,W24xW1R2,0.25,0.3047,9400000,9280000,7500000,1.2186,0.9271,1.0285,1.3346,1.2413
NC105.1,NC28.1,W24xW1R3,0.25,0.2162,10300000,9900000,8050000,0.865,1.045,1.4792,1.1768,1.2422
NC105.1,NC99.1,W24xW23R1,0.25,0.3657,8950000,8600000,11250000,1.4626,0.8458,0.5439,0.9038,0.7722
NC105.1,NC99.1,W24xW23R2,0.25,0.3429,11400000,6890000,8550000,1.3718,0.8761,0.972,0.9198,0.9377
NC105.1,NC99.1,W24xW23R3,0.25,0.3272,11400000,6890000,7650000,1.3086,0.8971,1.1387,1.0039,1.048
NC105.1,NC99.1,W24xW23R4,0.25,0.25,11400000,6890000,8200000,1,1,1.3902,0.8402,0.9777
NC105.1,NC99.1,W24xW23R5,0.25,0.3118,11400000,6890000,8700000,1.2472,0.9176,1.0506,0.8631,0.9216
NC105.1,NC99.1,W24xW23R6,0.25,0.3198,11400000,6890000,7700000,1.2794,0.9069,1.1572,0.9867,1.0412
NC105.1,NC99.1,W24xW23R7,0.25,0.3293,11400000,6890000,8700000,1.3172,0.8943,0.9948,0.8856,0.9216
NC105.1,NC34.2,W24xW3R1,0.25,0.3202,10833333,5116667,10250000,1.281,0.9063,0.8251,0.5508,0.6386
NC105.1,NC34.2,W24xW3R10,0.25,0.307,9940000,6310000,8840000,1.228,0.924,0.9157,0.7725,0.8165
NC105.1,NC34.2,W24xW3R11,0.25,0.314,9470000,6870000,8990000,1.256,0.9147,0.8387,0.8355,0.8365
NC105.1,NC34.2,W24xW3R12,0.25,0.3,10000000,6910000,9090000,1.2,0.9333,0.9168,0.8145,0.8452
NC105.1,NC34.2,W24xW3R13,0.25,0.314,9300000,6320000,8750000,1.256,0.9147,0.8462,0.7897,0.8074
NC105.1,NC34.2,W24xW3R14,0.25,0.3282,9780000,5950000,8225000,1.313,0.8957,0.9056,0.8077,0.8398
NC105.1,NC34.2,W24xW3R15,0.25,0.3315,9890000,5050000,7850000,1.3258,0.8914,0.9503,0.7217,0.7975
NC105.1,NC34.2,W24xW3R2,0.25,0.3221,10833333,5116667,8900000,1.2882,0.9039,0.9449,0.636,0.7355
NC105.1,NC34.2,W24xW3R3,0.25,0.3532,8843750,6792857,8250000,1.413,0.8623,0.7587,0.9548,0.8855
NC105.1,NC34.2,W24xW3R4,0.25,0.3706,8843750,6792857,5700000,1.4822,0.8393,1.0468,1.42,1.2817
NC105.1,NC34.2,W24xW3R5,0.25,0.3075,9516667,6700000,8300000,1.2302,0.9233,0.9321,0.8743,0.8921
NC105.1,NC34.2,W24xW3R6,0.25,0.3214,9516667,6700000,12000000,1.2857,0.9048,0.6168,0.6171,0.617
NC105.1,NC34.2,W24xW3R7,0.25,0.3303,10450000,6100000,12200000,1.3212,0.8929,0.6483,0.56,0.5891
NC105.1,NC34.2,W24xW3R8,0.25,0.3381,9400000,3475000,5800000,1.3522,0.8826,1.1985,0.6788,0.8545
NC105.1,NC34.2,W24xW3R9,0.25,0.304,10100000,6490000,8870000,1.216,0.928,0.9364,0.7884,0.8334
NC105.1,NC52.3,W24xW6R1,0.25,0.274,8900000,8740000,9600000,1.096,0.968,0.8459,0.9405,0.9146
NC105.1,NC52.3,W24xW6R10,0.25,0.2396,9000000,7550000,8500000,0.9583,1.0139,1.1049,0.8761,0.9309
NC105.1,NC52.3,W24xW6R2,0.25,0.2623,8900000,8740000,10000000,1.0492,0.9836,0.8483,0.8886,0.878
NC105.1,NC52.3,W24xW6R3,0.25,0.336,8580000,8730000,7300000,1.344,0.8853,0.8745,1.3508,1.1908
NC105.1,NC52.3,W24xW6R4,0.25,0.2958,8580000,8730000,9550000,1.1834,0.9389,0.7592,0.9737,0.9102
NC105.1,NC52.3,W24xW6R5,0.25,0.2603,9520000,7740000,9600000,1.0414,0.9862,0.9523,0.8175,0.8526
NC105.1,NC52.3,W24xW6R6,0.25,0.2634,9520000,7740000,8100000,1.0535,0.9822,1.1156,0.9729,1.0105
NC105.1,NC52.3,W24xW6R7,0.25,0.3333,8950000,8990000,11300000,1.3333,0.8889,0.594,0.895,0.7947
NC105.1,NC52.3,W24xW6R8,0.25,0.2757,8400000,8360000,8800000,1.1027,0.9658,0.8656,0.9837,0.9511
NC105.1,NC52.3,W24xW6R9,0.25,0.2131,8130000,8120000,7050000,0.8525,1.0492,1.3527,1.0978,1.1521
NC105.1,NC60.1,W24xW9R1,0.25,0.2899,8950000,11000000,9950000,1.1596,0.9468,0.7757,1.1676,1.054
NC105.1,NC60.1,W24xW9R2,0.25,0.3148,9400000,9480000,8750000,1.2591,0.9136,0.8532,1.1859,1.0811
NC34.2,NC69.1,W3xW13R1,0.25,0.3703,7410000,7390000,8500000,1.481,0.8397,0.5886,1.0354,0.87
NC34.2,NC69.1,W3xW13R2,0.25,0.3661,7410000,7390000,10000000,1.4645,0.8452,0.506,0.8744,0.7395
NC34.2,NC71.1,W3xW14R1,0.25,0.4832,5120000,2880000,8700000,1.933,0.689,0.3045,0.4805,0.3954
NC34.2,NC71.1,W3xW14R2,0.25,0.4903,5120000,2880000,4400000,1.961,0.6797,0.5934,0.9631,0.7818
NC34.2,NC71.1,W3xW14R3,0.25,0.498,6790000,3720000,5500000,1.9918,0.6694,0.6198,1.0104,0.8159
NC34.2,NC71.1,W3xW14R4,0.25,0.473,6790000,3720000,6050000,1.8922,0.7026,0.5931,0.8751,0.7417
NC34.2,NC80.1,W3xW18R1,0.25,0.2724,6790000,6830000,6250000,1.0898,0.9701,0.9969,1.1265,1.0912
NC34.2,NC80.1,W3xW18R2,0.25,0.2759,6790000,6830000,8650000,1.1037,0.9654,0.7112,0.8179,0.7884
NC52.3,NC69.1,W6xW13R1,0.25,0.2594,8360000,9570000,6700000,1.0376,0.9875,1.2025,1.4465,1.3832
NC52.3,NC69.1,W6xW13R2,0.25,0.4414,8120000,6580000,7550000,1.7657,0.7448,0.6091,1.1702,0.9225
NC52.3,NC69.1,W6xW13R3,0.25,0.425,7550000,5600000,.,1.7,0.7667,.,.,.
NC52.3,NC71.1,W6xW14R1,0.25,0.6429,8360000,5100000,4400000,2.5717,0.4761,0.7388,2.4346,1.3443
NC52.3,NC71.1,W6xW14R2,0.25,0.4677,8120000,4000000,5500000,1.8707,0.7098,0.7892,1.0247,0.9145
NC52.3,NC71.1,W6xW14R3,0.25,0.424,7550000,3800000,6800000,1.6958,0.7681,0.6547,0.7276,0.6967
NC52.3,NC80.1,W6xW18R1,0.25,0.237,8360000,6280000,8500000,0.9481,1.0173,1.0373,0.7263,0.8
NC52.3,NC80.1,W6xW18R2,0.25,0.2566,8120000,6580000,9000000,1.0263,0.9912,0.8791,0.7376,0.7739
NC52.3,NC80.1,W6xW18R3,0.25,0.3052,7550000,4850000,6350000,1.2208,0.9264,0.9739,0.8245,0.8701
NC52.3,NC99.1,W6xW23R1,0.25,0.2436,8740000,8540000,7150000,0.9744,1.0085,1.2545,1.1843,1.2014
NC52.3,NC99.1,W6xW23R2,0.25,0.2863,8740000,8540000,7450000,1.1452,0.9516,1.0244,1.2046,1.153
NC52.3,NC99.1,W6xW23R3,0.25,0.1753,8730000,7900000,10500000,0.7011,1.0996,1.1859,0.6842,0.7721
NC52.3,NC99.1,W6xW23R4,0.25,0.1986,8730000,7900000,7750000,0.7942,1.0686,1.4183,0.9539,1.0461
NC52.3,NC99.1,W6xW23R5,0.25,0.2371,7740000,3110000,6000000,0.9485,1.0172,1.36,0.5096,0.7113
NC52.3,NC99.1,W6xW23R6,0.25,0.2539,7740000,3110000,5050000,1.0155,0.9948,1.5092,0.619,0.845
NC52.3,NC99.1,W6xW23R7,0.25,0.2879,8120000,6650000,7500000,1.1515,0.9495,0.9402,0.9338,0.9357
NC52.3,NC99.1,W6xW23R8,0.25,0.3073,7550000,6530000,6150000,1.2292,0.9236,0.9988,1.1496,1.1033
NC52.3,NC34.2,W6xW3R1,0.25,0.237,8360000,5670000,6400000,0.9481,1.0173,1.3777,0.8709,0.991
NC52.3,NC34.2,W6xW3R2,0.25,0.2616,8120000,4250000,6500000,1.0465,0.9845,1.1938,0.6641,0.8027
NC52.3,NC34.2,W6xW3R3,0.25,0.2177,7550000,4480000,6150000,0.8708,1.0431,1.4097,0.6984,0.8533
NC52.3,NC60.1,W6xW9R1,0.25,0.1892,8360000,11100000,8300000,0.7569,1.081,1.3308,1.2371,1.2548
NC52.3,NC60.1,W6xW9R2,0.25,0.2323,8120000,6700000,8100000,0.9293,1.0236,1.0787,0.8081,0.871
NC52.3,NC60.1,W6xW9R3,0.25,0.1885,7550000,7100000,.,0.7542,1.0819,.,.,.
NC60.1,NC71.1,W9xW14R1,0.25,0.5675,7570000,2880000,6600000,2.2702,0.5766,0.5052,0.7568,0.614
NC60.1,NC71.1,W9xW14R2,0.25,0.5231,7570000,2880000,4700000,2.0923,0.6359,0.7698,0.9636,0.8622
NC63.2,NC69.1,W11xW13R1,0.5,0.7566,3940000,6930000,5700000,1.5133,0.4867,0.4568,2.498,0.9535
NC63.2,NC69.1,W11xW13R2,0.5,0.8444,8550000,7680000,8350000,1.6888,0.3112,0.6063,2.9555,0.9719
NC63.2,NC69.1,W11xW13R3,0.5,0.8862,4210000,4750000,7000000,1.7723,0.2277,0.3393,2.9802,0.64
NC63.2,NC71.1,W11xW14R1,0.5,0.8537,8550000,5230000,8350000,1.7075,0.2925,0.5997,2.1411,0.8251
NC63.2,NC71.1,W11xW14R2,0.5,0.8779,4210000,3830000,7000000,1.7559,0.2441,0.3425,2.2414,0.5743
NC63.2,NC80.1,W11xW18R1,0.5,0.5757,8550000,6600000,9750000,1.1515,0.8485,0.7616,0.7977,0.7769
NC63.2,NC80.1,W11xW18R2,0.5,0.5713,4210000,8050000,7250000,1.1426,0.8574,0.5082,1.295,0.8455
NC63.2,NC99.1,W11xW23R1,0.5,0.5409,3940000,5680000,5300000,1.0818,0.9182,0.6872,1.1672,0.9075
NC63.2,NC99.1,W11xW23R2,0.5,0.6151,8550000,7180000,8400000,1.2303,0.7697,0.8273,1.1105,0.9363
NC63.2,NC99.1,W11xW23R3,0.5,0.5785,4210000,8650000,9500000,1.1569,0.8431,0.383,1.08,0.6768
NC63.2,NC34.2,W11xW3R1,0.5,0.5923,8550000,3380000,9050000,1.1846,0.8154,0.7975,0.4581,0.6591
NC63.2,NC34.2,W11xW3R2,0.5,0.5354,4210000,4400000,6000000,1.0708,0.9292,0.6553,0.7892,0.7175
NC63.2,NC52.3,W11xW6R1,0.5,0.6587,8550000,7320000,7850000,1.3174,0.6826,0.8267,1.3661,1.0108
NC63.2,NC52.3,W11xW6R2,0.5,0.5081,6480000,8120000,8600000,1.0162,0.9838,0.7415,0.9597,0.8488
NC63.2,NC52.3,W11xW6R3,0.5,0.5698,7000000,7550000,6800000,1.1396,0.8604,0.9033,1.2904,1.0699
NC63.2,NC52.3,W11xW6R4,0.5,0.5723,4210000,8750000,7000000,1.1446,0.8554,0.5254,1.4613,0.9257
NC63.2,NC60.1,W11xW9R1,0.5,0.5571,8550000,7390000,10100000,1.1141,0.8859,0.7598,0.8259,0.7891
NC63.2,NC60.1,W11xW9R2,0.5,0.5477,4210000,9530000,6950000,1.0954,0.9046,0.553,1.5158,0.9885
NC28.1,NC63.2,W1xW11R1,0.5,0.501,9290000,8125000,10750000,1.0071,0.9929,0.8625,0.7573,0.81
NC28.1,NC63.2,W1xW11R10,0.5,0.6463,8550000,8551000,10000000,1.2925,0.7075,0.6615,1.2087,0.8551
NC28.1,NC63.2,W1xW11R11,0.5,0.5579,9600000,4210000,8350000,1.1159,0.8841,1.0303,0.5703,0.8269
NC28.1,NC63.2,W1xW11R12,0.5,0.537,6160000,7040000,8300000,1.074,0.926,0.691,0.916,0.7952
NC28.1,NC63.2,W1xW11R13,0.5,0.537,6890000,7580000,8940000,1.074,0.926,0.7176,0.9156,0.8093
NC28.1,NC63.2,W1xW11R14,0.5,0.528,5540000,5920000,7100000,1.056,0.944,0.7389,0.8833,0.807
NC28.1,NC63.2,W1xW11R15,0.5,0.511,6010000,6500000,7570000,1.022,0.978,0.7768,0.878,0.8263
NC28.1,NC63.2,W1xW11R16,0.5,0.543,7240000,7660000,9140000,1.086,0.914,0.7294,0.9169,0.8151
NC28.1,NC63.2,W1xW11R17,0.5,0.557,6650000,7500000,8720000,1.114,0.886,0.6846,0.9708,0.8114
NC28.1,NC63.2,W1xW11R18,0.5,0.567,7910000,8430000,9990000,1.134,0.866,0.6982,0.9744,0.8178
NC28.1,NC63.2,W1xW11R2,0.5,0.532,9290000,8125000,10250000,1.0443,0.9557,0.8518,0.8469,0.8495
NC28.1,NC63.2,W1xW11R3,0.5,0.496,9680000,8941667,12000000,0.998,1.002,0.8132,0.7392,0.7759
NC28.1,NC63.2,W1xW11R4,0.5,0.493,9680000,8941667,11150000,0.9777,1.0223,0.8805,0.7909,0.8351
NC28.1,NC63.2,W1xW11R5,0.5,0.594,5320000,2980000,4950000,1.2012,0.7988,0.9047,0.7414,0.8384
NC28.1,NC63.2,W1xW11R6,0.5,0.593,5320000,2980000,5750000,1.1834,0.8166,0.7801,0.6367,0.7217
NC28.1,NC63.2,W1xW11R7,0.5,0.5138,6125000,1150000,3700000,1.0275,0.9725,1.6111,0.3196,0.9831
NC28.1,NC63.2,W1xW11R8,0.5,0.597,9900000,4925000,11500000,1.1939,0.8061,0.7211,0.5313,0.6446
NC28.1,NC63.2,W1xW11R9,0.5,0.6472,12200000,3943750,7950000,1.2945,0.7055,1.1855,0.7031,1.0153
NC28.1,NC69.1,W1xW13R1,0.5,0.766,6130000,8300000,7500000,1.532,0.468,0.5335,2.3647,0.962
NC28.1,NC69.1,W1xW13R2,0.5,0.868,9900000,6900000,9650000,1.736,0.264,0.5909,2.7088,0.8705
NC28.1,NC71.1,W1xW14R1,0.5,0.8206,6130000,2580000,7650000,1.6412,0.3588,0.4882,0.9399,0.5693
NC28.1,NC71.1,W1xW14R2,0.5,0.8954,9900000,6100000,9900000,1.7909,0.2091,0.5584,2.9462,0.8081
NC28.1,NC80.1,W1xW18R1,0.5,0.5851,6130000,1900000,6350000,1.1702,0.8298,0.8249,0.3606,0.6323
NC28.1,NC80.1,W1xW18R2,0.5,0.797,9900000,7250000,.,1.5939,0.4061,.,.,.
NC28.1,NC99.1,W1xW23R1,0.5,0.5219,6130000,8450000,8600000,1.0438,0.9562,0.6829,1.0276,0.8477
NC28.1,NC99.1,W1xW23R2,0.5,0.6497,6130000,8450000,10700000,1.2995,0.7005,0.4409,1.1274,0.6813
NC28.1,NC34.2,W1xW3R1,0.5,0.4934,6130000,9080000,8550000,0.9867,1.0133,0.7266,1.0481,0.8895
NC28.1,NC34.2,W1xW3R2,0.5,0.4934,9900000,4170000,8800000,0.9868,1.0132,1.14,0.4677,0.7994
NC28.1,NC52.3,W1xW6R1,0.5,0.6361,6130000,6550000,8300000,1.2722,0.7278,0.5805,1.0843,0.7639
NC28.1,NC52.3,W1xW6R2,0.5,0.6234,9900000,7330000,7800000,1.2467,0.7533,1.0181,1.2475,1.1045
NC28.1,NC52.3,W1xW6R3,0.5,0.5313,8230000,8120000,7500000,1.0626,0.9374,1.0327,1.155,1.09
NC28.1,NC52.3,W1xW6R4,0.5,0.6115,7480000,7550000,7400000,1.2229,0.7771,0.8266,1.3129,1.0155
NC28.1,NC60.1,W1xW9R1,0.5,0.4975,6130000,7000000,8550000,0.9949,1.0051,0.7206,0.8146,0.7678
NC28.1,NC60.1,W1xW9R2,0.5,0.4782,9900000,9700000,13600000,0.9563,1.0437,0.7612,0.6834,0.7206
NC28.1,NC60.1,W1xW9R3,0.5,0.465,7240000,8690000,9650000,0.93,1.07,0.8067,0.8416,0.8254
NC28.1,NC60.1,W1xW9R4,0.5,0.5975,7240000,8690000,8050000,1.195,0.805,0.7526,1.3409,0.9894
NC105.1,NC63.2,W24xW11R1,0.5,0.6061,8950000,5680000,10600000,1.2121,0.7879,0.6966,0.6801,0.6901
NC105.1,NC63.2,W24xW11R2,0.5,0.6255,9400000,4450000,8300000,1.251,0.749,0.9053,0.7158,0.8343
NC105.1,NC63.2,W24xW11R3,0.5,0.5204,8580000,3940000,8200000,1.0409,0.9591,1.0052,0.501,0.7634
NC105.1,NC63.2,W24xW11R4,0.5,0.4222,8780000,8550000,12250000,0.8444,1.1556,0.8488,0.604,0.7073
NC105.1,NC63.2,W24xW11R5,0.5,0.5518,11500000,4210000,8750000,1.1036,0.8964,1.1909,0.5367,0.8977
NC105.1,NC69.1,W24xW13R1,0.5,0.8107,12200000,7390000,8300000,1.6213,0.3787,0.9066,2.3514,1.1801
NC105.1,NC69.1,W24xW13R2,0.5,0.7738,12200000,7390000,9700000,1.5477,0.4523,0.8127,1.6843,1.0098
NC105.1,NC69.1,W24xW13R3,0.5,0.8081,8950000,7980000,9250000,1.6162,0.3838,0.5987,2.2476,0.9151
NC105.1,NC69.1,W24xW13R4,0.5,0.8158,9400000,3450000,6550000,1.6316,0.3684,0.8796,1.4297,0.9809
NC105.1,NC71.1,W24xW14R1,0.5,0.8047,10800000,2880000,10000000,1.6093,0.3907,0.6711,0.7372,0.684
NC105.1,NC71.1,W24xW14R2,0.5,0.8062,10800000,2880000,10500000,1.6123,0.3877,0.6379,0.7075,0.6514
NC105.1,NC71.1,W24xW14R3,0.5,0.7377,8840000,3720000,9650000,1.4754,0.5246,0.6209,0.7348,0.6508
NC105.1,NC71.1,W24xW14R4,0.5,0.7335,8840000,3720000,7750000,1.4669,0.5331,0.7776,0.9005,0.8103
NC105.1,NC71.1,W24xW14R5,0.5,0.7737,8950000,2950000,7400000,1.5475,0.4525,0.7816,0.8809,0.8041
NC105.1,NC71.1,W24xW14R6,0.5,0.7591,9400000,1650000,9600000,1.5182,0.4818,0.6449,0.3567,0.5755
NC105.1,NC80.1,W24xW18R1,0.5,0.5758,8950000,7530000,9400000,1.1515,0.8485,0.8268,0.9441,0.8766
NC105.1,NC80.1,W24xW18R2,0.5,0.6377,9400000,4130000,10850000,1.2753,0.7247,0.6793,0.5252,0.6235
NC105.1,NC28.1,W24xW1R1,0.5,0.5199,10600000,6130000,12600000,1.0398,0.9602,0.8091,0.5066,0.6639
NC105.1,NC28.1,W24xW1R2,0.5,0.5445,9400000,9280000,8750000,1.0891,0.9109,0.9864,1.1643,1.0674
NC105.1,NC28.1,W24xW1R3,0.5,0.4812,10300000,9900000,8650000,0.9624,1.0376,1.2372,1.1031,1.1676
NC105.1,NC99.1,W24xW23R1,0.5,0.5909,8950000,8600000,12400000,1.1818,0.8182,0.6107,0.8477,0.7077
NC105.1,NC99.1,W24xW23R2,0.5,0.5891,11400000,6890000,9900000,1.1782,0.8218,0.9774,0.8468,0.9237
NC105.1,NC99.1,W24xW23R3,0.5,0.5967,11400000,6890000,9850000,1.1934,0.8066,0.9698,0.8672,0.9284
NC105.1,NC99.1,W24xW23R4,0.5,0.5093,11400000,6890000,8350000,1.0185,0.9815,1.3404,0.8407,1.0952
NC105.1,NC99.1,W24xW23R5,0.5,0.5984,11400000,6890000,8900000,1.1968,0.8032,1.0703,0.9638,1.0275
NC105.1,NC99.1,W24xW23R6,0.5,0.6083,11400000,6890000,8050000,1.2166,0.7834,1.164,1.0925,1.136
NC105.1,NC99.1,W24xW23R7,0.5,0.5646,11400000,6890000,8400000,1.1293,0.8707,1.2018,0.942,1.0887
NC105.1,NC34.2,W24xW3R1,0.5,0.5438,10833333,5116667,11800000,1.0876,0.9124,0.8441,0.4753,0.6758
NC105.1,NC34.2,W24xW3R10,0.5,0.512,9940000,6310000,10100000,1.024,0.976,0.9611,0.6401,0.8045
NC105.1,NC34.2,W24xW3R11,0.5,0.534,9470000,6870000,9980000,1.068,0.932,0.8885,0.7386,0.8186
NC105.1,NC34.2,W24xW3R12,0.5,0.504,10000000,6910000,11000000,1.008,0.992,0.9019,0.6332,0.7686
NC105.1,NC34.2,W24xW3R13,0.5,0.516,9300000,6320000,9700000,1.032,0.968,0.929,0.6731,0.8052
NC105.1,NC34.2,W24xW3R14,0.5,0.5083,9780000,5950000,8950000,1.0166,0.9834,1.0749,0.676,0.8788
NC105.1,NC34.2,W24xW3R15,0.5,0.5091,9890000,5050000,8250000,1.0182,0.9818,1.1774,0.6235,0.9055
NC105.1,NC34.2,W24xW3R2,0.5,0.5128,10833333,5116667,10100000,1.0256,0.9744,1.0458,0.5199,0.7896
NC105.1,NC34.2,W24xW3R3,0.5,0.5486,8843750,6792857,11300000,1.0972,0.9028,0.7133,0.6658,0.6919
NC105.1,NC34.2,W24xW3R4,0.5,0.5381,8843750,6792857,11050000,1.0761,0.9239,0.7437,0.6654,0.7075
NC105.1,NC34.2,W24xW3R5,0.5,0.4995,9516667,6700000,9500000,0.999,1.001,1.0028,0.7046,0.8535
NC105.1,NC34.2,W24xW3R6,0.5,0.4888,9516667,6700000,8450000,0.9776,1.0224,1.1521,0.7755,0.9596
NC105.1,NC34.2,W24xW3R7,0.5,0.4697,10450000,6100000,11900000,0.9394,1.0606,0.9348,0.4833,0.6954
NC105.1,NC34.2,W24xW3R8,0.5,0.5405,9400000,3475000,9100000,1.081,0.919,0.9556,0.4155,0.7074
NC105.1,NC34.2,W24xW3R9,0.5,0.511,10100000,6490000,10700000,1.022,0.978,0.9236,0.6202,0.7752
NC105.1,NC52.3,W24xW6R1,0.5,0.519,8900000,8740000,7850000,1.038,0.962,1.0923,1.1574,1.1236
NC105.1,NC52.3,W24xW6R10,0.5,0.5229,9000000,7550000,7400000,1.0458,0.9542,1.1629,1.0693,1.1182
NC105.1,NC52.3,W24xW6R2,0.5,0.5113,8900000,8740000,10750000,1.0225,0.9775,0.8097,0.8318,0.8205
NC105.1,NC52.3,W24xW6R3,0.5,0.567,8580000,8730000,7750000,1.134,0.866,0.9763,1.3008,1.1168
NC105.1,NC52.3,W24xW6R4,0.5,0.5674,8580000,8730000,9500000,1.1348,0.8652,0.7959,1.0621,0.9111
NC105.1,NC52.3,W24xW6R5,0.5,0.5358,9520000,7740000,9250000,1.0716,0.9284,0.9604,0.9013,0.933
NC105.1,NC52.3,W24xW6R6,0.5,0.5338,9520000,7740000,8550000,1.0676,0.9324,1.0429,0.9709,1.0094
NC105.1,NC52.3,W24xW6R7,0.5,0.5747,8950000,8990000,10850000,1.1495,0.8505,0.7176,0.9742,0.8267
NC105.1,NC52.3,W24xW6R8,0.5,0.5025,8400000,8360000,8400000,1.0051,0.9949,0.9949,1.0003,0.9976
NC105.1,NC52.3,W24xW6R9,0.5,0.4566,8130000,8120000,8050000,0.9131,1.0869,1.106,0.9281,1.0093
NC105.1,NC60.1,W24xW9R1,0.5,0.5485,8950000,11000000,10800000,1.097,0.903,0.7554,1.1279,0.9236
NC105.1,NC60.1,W24xW9R2,0.5,0.5547,9400000,9480000,11500000,1.1093,0.8907,0.7368,0.9255,0.8209
NC34.2,NC69.1,W3xW13R1,0.5,0.7169,7410000,7390000,8900000,1.4338,0.5662,0.5807,1.4666,0.8315
NC34.2,NC69.1,W3xW13R2,0.5,0.6907,7410000,7390000,10300000,1.3813,0.6187,0.5208,1.1597,0.7184
NC34.2,NC71.1,W3xW14R1,0.5,0.7645,5120000,2880000,7900000,1.5289,0.4711,0.4239,0.7739,0.5063
NC34.2,NC71.1,W3xW14R2,0.5,0.7744,5120000,2880000,5800000,1.5487,0.4513,0.57,1.1003,0.6897
NC34.2,NC71.1,W3xW14R3,0.5,0.7031,6790000,3720000,6200000,1.4061,0.5939,0.7789,1.0103,0.8476
NC34.2,NC71.1,W3xW14R4,0.5,0.7406,6790000,3720000,7050000,1.4812,0.5188,0.6502,1.017,0.7454
NC34.2,NC80.1,W3xW18R1,0.5,0.5082,6790000,6830000,6500000,1.0163,0.9837,1.0278,1.0682,1.0477
NC34.2,NC80.1,W3xW18R2,0.5,0.4874,6790000,6830000,8700000,0.9748,1.0252,0.8006,0.7658,0.7828
NC52.3,NC69.1,W6xW13R1,0.5,0.6968,8360000,9570000,10000000,1.3937,0.6063,0.5998,1.5784,0.8965
NC52.3,NC69.1,W6xW13R2,0.5,0.6778,8120000,6580000,8400000,1.3556,0.6444,0.7131,1.2155,0.875
NC52.3,NC69.1,W6xW13R3,0.5,0.7521,7550000,5600000,7100000,1.5042,0.4958,0.707,1.5907,0.9261
NC52.3,NC71.1,W6xW14R1,0.5,0.8566,8360000,5100000,6350000,1.7131,0.2869,0.7685,2.7996,1.0598
NC52.3,NC71.1,W6xW14R2,0.5,0.7545,8120000,4000000,7000000,1.5091,0.4909,0.7687,1.164,0.8657
NC52.3,NC71.1,W6xW14R3,0.5,0.701,7550000,3800000,6850000,1.4021,0.5979,0.7861,0.9278,0.8285
NC52.3,NC80.1,W6xW18R1,0.5,0.4975,8360000,6280000,7400000,0.9949,1.0051,1.1355,0.8444,0.9892
NC52.3,NC80.1,W6xW18R2,0.5,0.4677,8120000,6580000,7800000,0.9354,1.0646,1.113,0.7924,0.9423
NC52.3,NC80.1,W6xW18R3,0.5,0.5604,7550000,4850000,7250000,1.1208,0.8792,0.9291,0.7609,0.8552
NC52.3,NC99.1,W6xW23R1,0.5,0.5015,8740000,8540000,9150000,1.0031,0.9969,0.9523,0.9362,0.9443
NC52.3,NC99.1,W6xW23R2,0.5,0.4964,8740000,8540000,.,0.9928,1.0072,.,.,.
NC52.3,NC99.1,W6xW23R3,0.5,0.4002,8730000,7900000,10000000,0.8004,1.1996,1.0907,0.6586,0.8315
NC52.3,NC99.1,W6xW23R4,0.5,0.4198,8730000,7900000,7300000,0.8395,1.1605,1.4245,0.9325,1.139
NC52.3,NC99.1,W6xW23R5,0.5,0.4571,7740000,3110000,6650000,0.9142,1.0858,1.2731,0.4307,0.8158
NC52.3,NC99.1,W6xW23R6,0.5,0.4777,7740000,3110000,6700000,0.9554,1.0446,1.2091,0.4444,0.8097
NC52.3,NC99.1,W6xW23R7,0.5,0.5374,8120000,6650000,7000000,1.0747,0.9253,1.0793,1.0267,1.055
NC52.3,NC99.1,W6xW23R8,0.5,0.5427,7550000,6530000,7600000,1.0854,0.9146,0.9152,0.9395,0.9263
NC52.3,NC34.2,W6xW3R1,0.5,0.4975,8360000,5670000,5850000,0.9949,1.0051,1.4364,0.9643,1.1991
NC52.3,NC34.2,W6xW3R2,0.5,0.497,8120000,4250000,7500000,0.9939,1.0061,1.0893,0.5633,0.8247
NC52.3,NC34.2,W6xW3R3,0.5,0.4427,7550000,4480000,6250000,0.8854,1.1146,1.3643,0.6431,0.9624
NC52.3,NC60.1,W6xW9R1,0.5,0.3998,8360000,11100000,9100000,0.7996,1.2004,1.1489,1.0161,1.0692
NC52.3,NC60.1,W6xW9R2,0.5,0.4434,8120000,6700000,8600000,0.8869,1.1131,1.0646,0.6999,0.8616
NC52.3,NC60.1,W6xW9R3,0.5,0.4479,7550000,7100000,6800000,0.8958,1.1042,1.2394,0.9456,1.0772
NC60.1,NC71.1,W9xW14R1,0.5,0.8054,7570000,2880000,8650000,1.6109,0.3891,0.5433,0.8557,0.604
NC60.1,NC71.1,W9xW14R2,0.5,0.7764,7570000,2880000,8700000,1.5528,0.4472,0.5603,0.7403,0.6006
NC63.2,NC69.1,W11xW13R1,0.75,0.9141,3940000,6930000,5150000,1.2188,0.3436,0.6277,3.9167,0.9102
NC63.2,NC69.1,W11xW13R2,0.75,0.9419,8550000,7680000,8100000,1.2559,0.2324,0.8405,4.0804,1.0287
NC63.2,NC69.1,W11xW13R3,0.75,0.9621,4210000,4750000,10000000,1.2827,0.1518,0.3282,3.1292,0.4345
NC63.2,NC71.1,W11xW14R1,0.75,0.9336,8550000,5230000,8100000,1.2448,0.2656,0.848,2.4314,0.9531
NC63.2,NC71.1,W11xW14R2,0.75,0.9641,4210000,3830000,10000000,1.2855,0.1436,0.3275,2.6673,0.4115
NC63.2,NC80.1,W11xW18R1,0.75,0.7386,8550000,6600000,8700000,0.9848,1.0456,0.9979,0.7255,0.9267
NC63.2,NC80.1,W11xW18R2,0.75,0.7128,4210000,8050000,5650000,0.9504,1.1487,0.784,1.2403,0.915
NC63.2,NC99.1,W11xW23R1,0.75,0.7495,3940000,5680000,6100000,0.9993,1.002,0.6463,0.9292,0.7172
NC63.2,NC99.1,W11xW23R2,0.75,0.7894,8550000,7180000,8450000,1.0526,0.8423,0.9613,1.0088,0.9713
NC63.2,NC99.1,W11xW23R3,0.75,0.7856,4210000,8650000,9200000,1.0475,0.8574,0.4368,1.0965,0.5783
NC63.2,NC34.2,W11xW3R1,0.75,0.7635,8550000,3380000,9000000,1.018,0.9461,0.9332,0.397,0.8064
NC63.2,NC34.2,W11xW3R2,0.75,0.72,4210000,4400000,5000000,0.96,1.12,0.8771,0.7857,0.8515
NC63.2,NC52.3,W11xW6R1,0.75,0.8268,8550000,7320000,7350000,1.1024,0.6929,1.0553,1.4372,1.1214
NC63.2,NC52.3,W11xW6R2,0.75,0.7414,6480000,8120000,8100000,0.9886,1.0343,0.8093,0.9692,0.8506
NC63.2,NC52.3,W11xW6R3,0.75,0.8052,7000000,7550000,.,1.0736,0.7792,.,.,.
NC63.2,NC52.3,W11xW6R4,0.75,0.7569,4210000,8750000,6250000,1.0092,0.9723,0.6674,1.4399,0.8552
NC63.2,NC60.1,W11xW9R1,0.75,0.7541,8550000,7390000,10600000,1.0055,0.9834,0.8022,0.7089,0.7792
NC63.2,NC60.1,W11xW9R2,0.75,0.7651,4210000,9530000,6550000,1.0202,0.9395,0.63,1.5487,0.8458
NC28.1,NC63.2,W1xW11R1,0.75,0.723,9290000,8125000,9000000,0.9707,1.088,1.0708,0.8148,0.9999
NC28.1,NC63.2,W1xW11R10,0.75,0.7023,8550000,8551000,11600000,0.9364,1.1909,0.7872,0.619,0.7371
NC28.1,NC63.2,W1xW11R11,0.75,0.761,9600000,4210000,8350000,1.0147,0.9559,1.133,0.5275,0.9883
NC28.1,NC63.2,W1xW11R12,0.75,0.751,6160000,7040000,6980000,1.0013,0.996,0.8813,1.0126,0.914
NC28.1,NC63.2,W1xW11R13,0.75,0.743,6890000,7580000,7680000,0.9907,1.028,0.9056,0.9601,0.9196
NC28.1,NC63.2,W1xW11R14,0.75,0.753,5540000,5920000,6980000,1.004,0.988,0.7905,0.8584,0.8073
NC28.1,NC63.2,W1xW11R15,0.75,0.754,6010000,6500000,6990000,1.0053,0.984,0.8552,0.945,0.8773
NC28.1,NC63.2,W1xW11R16,0.75,0.745,7240000,7660000,8233333,0.9933,1.02,0.8853,0.9121,0.8921
NC28.1,NC63.2,W1xW11R17,0.75,0.759,6650000,7500000,7190000,1.012,0.964,0.9139,1.0821,0.9545
NC28.1,NC63.2,W1xW11R18,0.75,0.743,7910000,8430000,9190000,0.9907,1.028,0.8688,0.8923,0.8749
NC28.1,NC63.2,W1xW11R2,0.75,0.743,9290000,8125000,9500000,0.9859,1.0422,0.9871,0.832,0.9472
NC28.1,NC63.2,W1xW11R3,0.75,0.72,9680000,8941667,10050000,0.9676,1.0972,1.0033,0.7944,0.9448
NC28.1,NC63.2,W1xW11R4,0.75,0.719,9680000,8941667,10500000,0.9574,1.1278,0.9617,0.7576,0.9043
NC28.1,NC63.2,W1xW11R5,0.75,0.755,5320000,2980000,4250000,1.019,0.9431,1.2435,0.7155,1.1141
NC28.1,NC63.2,W1xW11R6,0.75,0.768,5320000,2980000,5500000,1.0253,0.924,0.9446,0.5839,0.8609
NC28.1,NC63.2,W1xW11R7,0.75,0.7013,6125000,1150000,4500000,0.9351,1.1947,1.4556,0.2139,1.0847
NC28.1,NC63.2,W1xW11R8,0.75,0.801,9900000,4925000,9800000,1.068,0.7959,0.9459,0.6314,0.8833
NC28.1,NC63.2,W1xW11R9,0.75,0.82,12200000,3943750,12400000,1.0934,0.7198,0.8998,0.4418,0.8174
NC28.1,NC69.1,W1xW13R1,0.75,0.948,6130000,8300000,10600000,1.264,0.208,0.4575,3.7645,0.6295
NC28.1,NC69.1,W1xW13R2,0.75,0.9421,9900000,6900000,10300000,1.2562,0.2315,0.7652,2.8941,0.8883
NC28.1,NC71.1,W1xW14R1,0.75,0.9266,6130000,2580000,8150000,1.2355,0.2936,0.6088,1.0783,0.6433
NC28.1,NC71.1,W1xW14R2,0.75,0.931,9900000,6100000,13000000,1.2413,0.2761,0.6135,1.6992,0.6885
NC28.1,NC80.1,W1xW18R1,0.75,0.7849,6130000,1900000,6400000,1.0466,0.8603,0.9152,0.3451,0.7926
NC28.1,NC80.1,W1xW18R2,0.75,0.8162,9900000,7250000,9300000,1.0883,0.735,0.9781,1.0606,0.9933
NC28.1,NC99.1,W1xW23R1,0.75,0.7339,6130000,8450000,8200000,0.9786,1.0642,0.7639,0.9683,0.8183
NC28.1,NC99.1,W1xW23R2,0.75,0.7766,6130000,8450000,10700000,1.0355,0.8934,0.5532,0.8839,0.6271
NC28.1,NC34.2,W1xW3R1,0.75,0.7472,6130000,9080000,8000000,0.9963,1.0112,0.7691,1.1224,0.8584
NC28.1,NC34.2,W1xW3R2,0.75,0.7178,9900000,4170000,10300000,0.957,1.1289,1.0043,0.3586,0.8221
NC28.1,NC52.3,W1xW6R1,0.75,0.8451,6130000,6550000,8500000,1.1267,0.6198,0.6401,1.2433,0.7335
NC28.1,NC52.3,W1xW6R2,0.75,0.7878,9900000,7330000,9250000,1.0504,0.8487,1.0189,0.9337,1.0008
NC28.1,NC52.3,W1xW6R3,0.75,0.7697,8230000,8120000,13000000,1.0263,0.9212,0.6169,0.678,0.631
NC28.1,NC52.3,W1xW6R4,0.75,0.8365,7480000,7550000,5900000,1.1153,0.6542,1.1368,1.9562,1.2708
NC28.1,NC60.1,W1xW9R1,0.75,0.6728,6130000,7000000,8000000,0.897,1.3089,0.8542,0.6685,0.7934
NC28.1,NC60.1,W1xW9R2,0.75,0.6975,9900000,9700000,10300000,0.9299,1.2102,1.0336,0.7782,0.9563
NC28.1,NC60.1,W1xW9R3,0.75,0.7032,7240000,8690000,8900000,0.9375,1.1874,0.8677,0.8223,0.8542
NC28.1,NC60.1,W1xW9R4,0.75,0.7579,7240000,8690000,8600000,1.0105,0.9686,0.8331,1.0433,0.884
NC105.1,NC63.2,W24xW11R1,0.75,0.7838,8950000,5680000,10750000,1.0451,0.8646,0.7966,0.6111,0.7565
NC105.1,NC63.2,W24xW11R2,0.75,0.7976,9400000,4450000,7850000,1.0634,0.8097,1.126,0.7001,1.0398
NC105.1,NC63.2,W24xW11R3,0.75,0.7106,8580000,3940000,7250000,0.9475,1.1575,1.249,0.4695,1.0234
NC105.1,NC63.2,W24xW11R4,0.75,0.668,8780000,8550000,11000000,0.8907,1.3278,0.8961,0.5854,0.793
NC105.1,NC63.2,W24xW11R5,0.75,0.7785,11500000,4210000,10600000,1.0379,0.8862,1.0452,0.4482,0.913
NC105.1,NC69.1,W24xW13R1,0.75,0.9295,12200000,7390000,11850000,1.2393,0.282,0.8307,2.2117,0.9281
NC105.1,NC69.1,W24xW13R2,0.75,0.9239,12200000,7390000,12100000,1.2319,0.3043,0.8185,2.0073,0.9089
NC105.1,NC69.1,W24xW13R3,0.75,0.9515,8950000,7980000,11500000,1.2687,0.1939,0.6134,3.578,0.7572
NC105.1,NC69.1,W24xW13R4,0.75,0.9403,9400000,3450000,9150000,1.2537,0.2389,0.8194,1.5785,0.8648
NC105.1,NC71.1,W24xW14R1,0.75,0.9322,10800000,2880000,10150000,1.2429,0.2713,0.8561,1.046,0.869
NC105.1,NC71.1,W24xW14R2,0.75,0.9344,10800000,2880000,10600000,1.2458,0.2626,0.8178,1.0348,0.8321
NC105.1,NC71.1,W24xW14R3,0.75,0.8915,8840000,3720000,9600000,1.1886,0.4342,0.7747,0.8925,0.7875
NC105.1,NC71.1,W24xW14R4,0.75,0.8932,8840000,3720000,8400000,1.1909,0.4273,0.8837,1.0365,0.9
NC105.1,NC71.1,W24xW14R5,0.75,0.9434,8950000,2950000,13200000,1.2579,0.2263,0.539,0.9877,0.5644
NC105.1,NC71.1,W24xW14R6,0.75,0.8968,9400000,1650000,9300000,1.1957,0.413,0.8453,0.4296,0.8024
NC105.1,NC80.1,W24xW18R1,0.75,0.7253,8950000,7530000,8500000,0.967,1.099,1.0889,0.8061,1.0112
NC105.1,NC80.1,W24xW18R2,0.75,0.8401,9400000,4130000,10400000,1.1201,0.6397,0.8069,0.6208,0.7772
NC105.1,NC28.1,W24xW1R1,0.75,0.7013,10600000,6130000,9300000,0.9351,1.1947,1.2189,0.5517,1.0196
NC105.1,NC28.1,W24xW1R2,0.75,0.7561,9400000,9280000,8450000,1.0081,0.9757,1.1035,1.1256,1.1089
NC105.1,NC28.1,W24xW1R3,0.75,0.6964,10300000,9900000,13550000,0.9286,1.2142,0.8186,0.6017,0.7528
NC105.1,NC99.1,W24xW23R1,0.75,0.8081,8950000,8600000,13500000,1.0774,0.7677,0.6153,0.8298,0.6565
NC105.1,NC99.1,W24xW23R2,0.75,0.8012,11400000,6890000,11500000,1.0683,0.7951,0.9279,0.7536,0.8933
NC105.1,NC99.1,W24xW23R3,0.75,0.8045,11400000,6890000,11700000,1.0727,0.7819,0.9083,0.7532,0.878
NC105.1,NC99.1,W24xW23R4,0.75,0.7407,11400000,6890000,9350000,0.9877,1.037,1.2345,0.7106,1.0987
NC105.1,NC99.1,W24xW23R5,0.75,0.7901,11400000,6890000,11800000,1.0535,0.8396,0.9171,0.6955,0.8706
NC105.1,NC99.1,W24xW23R6,0.75,0.8188,11400000,6890000,13150000,1.0918,0.7247,0.7941,0.723,0.7812
NC105.1,NC99.1,W24xW23R7,0.75,0.8061,11400000,6890000,.,1.0747,0.7758,.,.,.
NC105.1,NC34.2,W24xW3R1,0.75,0.7533,10833333,5116667,12700000,1.0044,0.9869,0.8493,0.4082,0.7405
NC105.1,NC34.2,W24xW3R10,0.75,0.738,9940000,6310000,10800000,0.984,1.048,0.9353,0.5575,0.8363
NC105.1,NC34.2,W24xW3R11,0.75,0.749,9470000,6870000,10600000,0.9987,1.004,0.8946,0.6455,0.8321
NC105.1,NC34.2,W24xW3R12,0.75,0.751,10000000,6910000,10900000,1.0013,0.996,0.9162,0.6365,0.8466
NC105.1,NC34.2,W24xW3R13,0.75,0.734,9300000,6320000,9970000,0.9787,1.064,0.9531,0.5958,0.8581
NC105.1,NC34.2,W24xW3R14,0.75,0.7358,9780000,5950000,9650000,0.981,1.0569,1.0331,0.5834,0.9142
NC105.1,NC34.2,W24xW3R15,0.75,0.712,9890000,5050000,8925000,0.9493,1.152,1.1673,0.4911,0.9725
NC105.1,NC34.2,W24xW3R2,0.75,0.7415,10833333,5116667,12350000,0.9887,1.0338,0.8872,0.4007,0.7615
NC105.1,NC34.2,W24xW3R3,0.75,0.7379,8843750,6792857,11000000,0.9838,1.0486,0.8172,0.5889,0.7574
NC105.1,NC34.2,W24xW3R4,0.75,0.7431,8843750,6792857,11400000,0.9909,1.0274,0.7829,0.58,0.7308
NC105.1,NC34.2,W24xW3R5,0.75,0.6894,9516667,6700000,9550000,0.9193,1.2422,1.084,0.5648,0.9228
NC105.1,NC34.2,W24xW3R6,0.75,0.7316,9516667,6700000,10000000,0.9755,1.0735,0.9756,0.6241,0.8813
NC105.1,NC34.2,W24xW3R7,0.75,0.7111,10450000,6100000,11750000,0.9481,1.1556,0.938,0.4493,0.7968
NC105.1,NC34.2,W24xW3R8,0.75,0.7146,9400000,3475000,9250000,0.9528,1.1417,1.0666,0.329,0.8561
NC105.1,NC34.2,W24xW3R9,0.75,0.754,10100000,6490000,10800000,1.0053,0.984,0.9302,0.6107,0.8516
NC105.1,NC52.3,W24xW6R1,0.75,0.766,8900000,8740000,7500000,1.0213,0.936,1.1619,1.245,1.1813
NC105.1,NC52.3,W24xW6R10,0.75,0.7625,9000000,7550000,6750000,1.0167,0.95,1.3115,1.1774,1.2796
NC105.1,NC52.3,W24xW6R2,0.75,0.7797,8900000,8740000,10100000,1.0396,0.8811,0.8476,0.9821,0.8772
NC105.1,NC52.3,W24xW6R3,0.75,0.782,8580000,8730000,10600000,1.0427,0.872,0.7763,0.9445,0.813
NC105.1,NC52.3,W24xW6R4,0.75,0.7984,8580000,8730000,9000000,1.0645,0.8065,0.8956,1.2028,0.9575
NC105.1,NC52.3,W24xW6R5,0.75,0.78,9520000,7740000,9500000,1.04,0.8799,0.9635,0.9259,0.9553
NC105.1,NC52.3,W24xW6R6,0.75,0.7659,9520000,7740000,9900000,1.0212,0.9364,0.9417,0.8349,0.9167
NC105.1,NC52.3,W24xW6R7,0.75,0.802,8950000,8990000,12250000,1.0694,0.7919,0.6832,0.9267,0.7314
NC105.1,NC52.3,W24xW6R8,0.75,0.763,8400000,8360000,7750000,1.0173,0.9481,1.0654,1.1377,1.0826
NC105.1,NC52.3,W24xW6R9,0.75,0.7182,8130000,8120000,8750000,0.9576,1.1273,0.9703,0.8232,0.9289
NC105.1,NC60.1,W24xW9R1,0.75,0.7293,8950000,11000000,9550000,0.9724,1.0828,0.9638,1.0637,0.9908
NC105.1,NC60.1,W24xW9R2,0.75,0.7794,9400000,9480000,.,1.0391,0.8826,.,.,.
NC34.2,NC69.1,W3xW13R1,0.75,0.8954,7410000,7390000,8550000,1.1938,0.4185,0.7259,2.0655,0.8661
NC34.2,NC69.1,W3xW13R2,0.75,0.8945,7410000,7390000,10200000,1.1927,0.4219,0.6091,1.7172,0.726
NC34.2,NC71.1,W3xW14R1,0.75,0.9076,5120000,2880000,6000000,1.2102,0.3695,0.7051,1.2989,0.76
NC34.2,NC71.1,W3xW14R2,0.75,0.9159,5120000,2880000,6300000,1.2212,0.3364,0.6655,1.3589,0.7238
NC34.2,NC71.1,W3xW14R3,0.75,0.8622,6790000,3720000,7550000,1.1497,0.551,0.7823,0.8942,0.7977
NC34.2,NC71.1,W3xW14R4,0.75,0.8891,6790000,3720000,7600000,1.1855,0.4435,0.7536,1.1036,0.7924
NC34.2,NC80.1,W3xW18R1,0.75,0.7143,6790000,6830000,6450000,0.9524,1.1429,1.1053,0.9266,1.0543
NC34.2,NC80.1,W3xW18R2,0.75,0.712,6790000,6830000,6750000,0.9493,1.1521,1.0596,0.8783,1.0074
NC52.3,NC69.1,W6xW13R1,0.75,0.8026,8360000,9570000,7800000,1.0702,0.7894,1.0015,1.5542,1.1106
NC52.3,NC69.1,W6xW13R2,0.75,0.8778,8120000,6580000,9100000,1.1704,0.4889,0.7624,1.479,0.85
NC52.3,NC69.1,W6xW13R3,0.75,0.875,7550000,5600000,8400000,1.1667,0.5,0.7704,1.3333,0.8408
NC52.3,NC71.1,W6xW14R1,0.75,0.94,8360000,5100000,6950000,1.2533,0.2401,0.9598,3.0565,1.0856
NC52.3,NC71.1,W6xW14R2,0.75,0.9232,8120000,4000000,7900000,1.231,0.3071,0.835,1.6489,0.8975
NC52.3,NC71.1,W6xW14R3,0.75,0.8781,7550000,3800000,8450000,1.1708,0.4875,0.7631,0.9225,0.7825
NC52.3,NC80.1,W6xW18R1,0.75,0.7243,8360000,6280000,8100000,0.9658,1.1027,1.0687,0.7031,0.9679
NC52.3,NC80.1,W6xW18R2,0.75,0.7394,8120000,6580000,8250000,0.9859,1.0424,0.9984,0.7651,0.9376
NC52.3,NC80.1,W6xW18R3,0.75,0.8188,7550000,4850000,8100000,1.0917,0.725,0.8538,0.8259,0.8488
NC52.3,NC99.1,W6xW23R1,0.75,0.7185,8740000,8540000,9450000,0.958,1.1259,0.9654,0.8027,0.9196
NC52.3,NC99.1,W6xW23R2,0.75,0.7085,8740000,8540000,9300000,0.9447,1.1658,0.9948,0.7877,0.9344
NC52.3,NC99.1,W6xW23R3,0.75,0.6342,8730000,7900000,9100000,0.8457,1.463,1.1344,0.5934,0.9365
NC52.3,NC99.1,W6xW23R4,0.75,0.6574,8730000,7900000,10100000,0.8765,1.3704,0.9861,0.5708,0.8438
NC52.3,NC99.1,W6xW23R5,0.75,0.7245,7740000,3110000,7150000,0.966,1.1019,1.1206,0.3947,0.9206
NC52.3,NC99.1,W6xW23R6,0.75,0.715,7740000,3110000,8450000,0.9534,1.1399,0.9608,0.3229,0.779
NC52.3,NC99.1,W6xW23R7,0.75,0.7899,8120000,6650000,8400000,1.0532,0.8404,0.9178,0.942,0.9229
NC52.3,NC99.1,W6xW23R8,0.75,0.7823,7550000,6530000,6650000,1.0431,0.8708,1.0885,1.1276,1.097
NC52.3,NC34.2,W6xW3R1,0.75,0.7243,8360000,5670000,6700000,0.9658,1.1027,1.292,0.7674,1.1474
NC52.3,NC34.2,W6xW3R2,0.75,0.7333,8120000,4250000,7400000,0.9778,1.0667,1.1222,0.5384,0.9666
NC52.3,NC34.2,W6xW3R3,0.75,0.7427,7550000,4480000,8300000,0.9903,1.0292,0.9186,0.5245,0.8172
NC52.3,NC60.1,W6xW9R1,0.75,0.6358,8360000,11100000,8750000,0.8477,1.4568,1.127,0.8708,1.0337
NC52.3,NC60.1,W6xW9R2,0.75,0.6949,8120000,6700000,7000000,0.9266,1.2202,1.2519,0.7844,1.1093
NC52.3,NC60.1,W6xW9R3,0.75,0.6906,7550000,7100000,8150000,0.9208,1.2375,1.006,0.704,0.9126
NC60.1,NC71.1,W9xW14R1,0.75,0.9365,7570000,2880000,7450000,1.2487,0.254,0.8138,1.5218,0.8587
NC60.1,NC71.1,W9xW14R2,0.75,0.9303,7570000,2880000,10300000,1.2403,0.279,0.5925,1.0023,0.6211
NC63.2,NC69.1,W11xW13R1,0.9,0.9581,3940000,6930000,5400000,1.0645,0.4192,0.6854,3.0612,0.785
NC63.2,NC69.1,W11xW13R2,0.9,0.9813,8550000,7680000,8650000,1.0904,0.1867,0.9065,4.755,0.9784
NC63.2,NC69.1,W11xW13R3,0.9,0.9836,4210000,4750000,5800000,1.0929,0.1641,0.6642,4.9906,0.7352
NC63.2,NC71.1,W11xW14R1,0.9,0.9564,8550000,5230000,8650000,1.0627,0.4357,0.9301,1.3878,0.9501
NC63.2,NC71.1,W11xW14R2,0.9,0.9867,4210000,3830000,5800000,1.0963,0.1333,0.6621,4.9526,0.7193
NC63.2,NC80.1,W11xW18R1,0.9,0.8797,8550000,6600000,10200000,0.9774,1.2033,0.8576,0.5377,0.8191
NC63.2,NC80.1,W11xW18R2,0.9,0.8738,4210000,8050000,5500000,0.9709,1.2615,0.7884,1.1602,0.8353
NC63.2,NC99.1,W11xW23R1,0.9,0.8896,3940000,5680000,4950000,0.9884,1.1043,0.8053,1.0391,0.8311
NC63.2,NC99.1,W11xW23R2,0.9,0.8983,8550000,7180000,7750000,0.9982,1.0166,1.1053,0.9113,1.0855
NC63.2,NC99.1,W11xW23R3,0.9,0.8933,4210000,8650000,6300000,0.9926,1.0667,0.6732,1.2872,0.7387
NC63.2,NC34.2,W11xW3R1,0.9,0.9025,8550000,3380000,10000000,1.0028,0.9751,0.8526,0.3466,0.8033
NC63.2,NC34.2,W11xW3R2,0.9,0.8892,4210000,4400000,6150000,0.988,1.1077,0.6928,0.6459,0.6876
NC63.2,NC52.3,W11xW6R1,0.9,0.9284,8550000,7320000,9000000,1.0316,0.7158,0.9209,1.1363,0.9363
NC63.2,NC52.3,W11xW6R2,0.9,0.9202,6480000,8120000,8400000,1.0224,0.798,0.7545,1.2114,0.791
NC63.2,NC52.3,W11xW6R3,0.9,0.9427,7000000,7550000,7050000,1.0475,0.5729,0.9479,1.8692,1.0007
NC63.2,NC52.3,W11xW6R4,0.9,0.9036,4210000,8750000,6750000,1.004,0.9641,0.6212,1.3446,0.691
NC63.2,NC60.1,W11xW9R1,0.9,0.8963,8550000,7390000,10100000,0.9959,1.0373,0.8501,0.7053,0.835
NC63.2,NC60.1,W11xW9R2,0.9,0.8687,4210000,9530000,6250000,0.9652,1.3128,0.6979,1.1615,0.7587
NC28.1,NC63.2,W1xW11R1,0.9,0.883,9290000,8125000,9950000,0.9887,1.1021,0.9516,0.6979,0.922
NC28.1,NC63.2,W1xW11R10,0.9,0.8672,8550000,8551000,9700000,0.9636,1.3278,0.9148,0.6639,0.8815
NC28.1,NC63.2,W1xW11R11,0.9,0.8892,9600000,4210000,8350000,0.988,1.1077,1.1636,0.4552,1.0851
NC28.1,NC63.2,W1xW11R12,0.9,0.867,6160000,7040000,6840000,0.9633,1.33,0.9349,0.7739,0.9135
NC28.1,NC63.2,W1xW11R13,0.9,0.869,6890000,7580000,7670000,0.9656,1.31,0.9304,0.7544,0.9073
NC28.1,NC63.2,W1xW11R14,0.9,0.879,5540000,5920000,6220000,0.9767,1.21,0.912,0.7866,0.8968
NC28.1,NC63.2,W1xW11R15,0.9,0.879,6010000,6500000,6660000,0.9767,1.21,0.924,0.8066,0.9098
NC28.1,NC63.2,W1xW11R16,0.9,0.872,7240000,7660000,8116667,0.9689,1.28,0.9206,0.7373,0.8972
NC28.1,NC63.2,W1xW11R17,0.9,0.862,6650000,7500000,7436667,0.9578,1.38,0.9336,0.7308,0.9056
NC28.1,NC63.2,W1xW11R18,0.9,0.857,7910000,8430000,8690000,0.9522,1.43,0.9559,0.6784,0.9162
NC28.1,NC63.2,W1xW11R2,0.9,0.872,9290000,8125000,10700000,0.9692,1.277,0.8961,0.5932,0.8573
NC28.1,NC63.2,W1xW11R3,0.9,0.873,9680000,8941667,10400000,0.9784,1.1943,0.9596,0.677,0.9237
NC28.1,NC63.2,W1xW11R4,0.9,0.847,9680000,8941667,10800000,0.9421,1.5213,0.9524,0.5411,0.8895
NC28.1,NC63.2,W1xW11R5,0.9,0.855,5320000,2980000,5000000,0.9621,1.3415,1.12,0.411,1.0172
NC28.1,NC63.2,W1xW11R6,0.9,0.874,5320000,2980000,6650000,0.9738,1.2361,0.8238,0.3557,0.7648
NC28.1,NC63.2,W1xW11R7,0.9,0.8797,6125000,1150000,6150000,0.9775,1.2029,1.0189,0.1555,0.915
NC28.1,NC63.2,W1xW11R8,0.9,0.8761,9900000,4925000,10200000,0.9735,1.2386,0.997,0.3898,0.9218
NC28.1,NC63.2,W1xW11R9,0.9,0.9213,12200000,3943750,12000000,1.0236,0.7873,0.9932,0.4174,0.9479
NC28.1,NC69.1,W1xW13R1,0.9,0.98,6130000,8300000,7650000,1.0889,0.2,0.7359,5.4248,0.8297
NC28.1,NC69.1,W1xW13R2,0.9,0.9635,9900000,6900000,9600000,1.0705,0.3655,0.9633,1.9666,1
NC28.1,NC71.1,W1xW14R1,0.9,0.9674,6130000,2580000,7700000,1.0749,0.3262,0.7407,1.0272,0.75
NC28.1,NC71.1,W1xW14R2,0.9,0.9614,9900000,6100000,10600000,1.0682,0.3858,0.8743,1.4917,0.8981
NC28.1,NC80.1,W1xW18R1,0.9,0.9093,6130000,1900000,6750000,1.0103,0.9072,0.8989,0.3103,0.8455
NC28.1,NC80.1,W1xW18R2,0.9,0.9228,9900000,7250000,.,1.0254,0.7716,.,.,.
NC28.1,NC99.1,W1xW23R1,0.9,0.8777,6130000,8450000,6050000,0.9752,1.2232,1.039,1.1418,1.0516
NC28.1,NC99.1,W1xW23R2,0.9,0.9127,6130000,8450000,11000000,1.0141,0.8731,0.5495,0.8798,0.5784
NC28.1,NC34.2,W1xW3R1,0.9,0.896,6130000,9080000,5550000,0.9956,1.0398,1.1094,1.5735,1.1577
NC28.1,NC34.2,W1xW3R2,0.9,0.865,9900000,4170000,12000000,0.9611,1.3503,0.8584,0.2574,0.7773
NC28.1,NC52.3,W1xW6R1,0.9,0.9297,6130000,6550000,5250000,1.033,0.7034,1.1304,1.7738,1.1756
NC28.1,NC52.3,W1xW6R2,0.9,0.9096,9900000,7330000,10100000,1.0107,0.9036,0.9698,0.8032,0.9548
NC28.1,NC52.3,W1xW6R3,0.9,0.9212,8230000,8120000,11000000,1.0236,0.7879,0.731,0.9369,0.7472
NC28.1,NC52.3,W1xW6R4,0.9,0.9521,7480000,7550000,6650000,1.0579,0.4792,1.0633,2.3694,1.1259
NC28.1,NC60.1,W1xW9R1,0.9,0.8512,6130000,7000000,5550000,0.9457,1.4883,1.1679,0.8475,1.1202
NC28.1,NC60.1,W1xW9R2,0.9,0.8599,9900000,9700000,11600000,0.9554,1.401,0.8932,0.5969,0.8517
NC28.1,NC60.1,W1xW9R3,0.9,0.8679,7240000,8690000,9100000,0.9644,1.3205,0.825,0.7231,0.8115
NC28.1,NC60.1,W1xW9R4,0.9,0.8857,7240000,8690000,8000000,0.9842,1.1426,0.9196,0.9507,0.9231
NC105.1,NC63.2,W24xW11R1,0.9,0.9111,8950000,5680000,9450000,1.0123,0.8889,0.9355,0.6762,0.9125
NC105.1,NC63.2,W24xW11R2,0.9,0.9312,9400000,4450000,10100000,1.0346,0.6883,0.8995,0.6402,0.8817
NC105.1,NC63.2,W24xW11R3,0.9,.,8580000,3940000,11250000,.,.,.,.,0.7214
NC105.1,NC63.2,W24xW11R4,0.9,0.8485,8780000,8550000,10900000,0.9428,1.5145,0.8543,0.5179,0.8034
NC105.1,NC63.2,W24xW11R5,0.9,0.9118,11500000,4210000,10200000,1.0131,0.8821,1.1129,0.4679,1.056
NC105.1,NC69.1,W24xW13R1,0.9,0.9517,12200000,7390000,12300000,1.0574,0.4834,0.938,1.2429,0.9528
NC105.1,NC69.1,W24xW13R2,0.9,0.9604,12200000,7390000,9000000,1.0672,0.3955,1.2702,2.0759,1.3021
NC105.1,NC69.1,W24xW13R3,0.9,0.9636,8950000,7980000,14150000,1.0707,0.3636,0.5907,1.5509,0.6257
NC105.1,NC69.1,W24xW13R4,0.9,0.9838,9400000,3450000,10750000,1.0931,0.1619,0.7999,1.9817,0.8191
NC105.1,NC71.1,W24xW14R1,0.9,0.9767,10800000,2880000,9650000,1.0852,0.2328,1.0313,1.282,1.0371
NC105.1,NC71.1,W24xW14R2,0.9,0.9795,10800000,2880000,8800000,1.0883,0.2051,1.1277,1.5955,1.1373
NC105.1,NC71.1,W24xW14R3,0.9,0.9497,8840000,3720000,9200000,1.0553,0.5025,0.9105,0.8047,0.9052
NC105.1,NC71.1,W24xW14R4,0.9,0.9583,8840000,3720000,9000000,1.0648,0.4171,0.9225,0.991,0.9253
NC105.1,NC71.1,W24xW14R5,0.9,0.9657,8950000,2950000,10550000,1.073,0.3434,0.7907,0.8142,0.7915
NC105.1,NC71.1,W24xW14R6,0.9,0.9676,9400000,1650000,9900000,1.0751,0.3239,0.8831,0.5146,0.8712
NC105.1,NC80.1,W24xW18R1,0.9,0.8758,8950000,7530000,9350000,0.9731,1.2424,0.9837,0.6482,0.942
NC105.1,NC80.1,W24xW18R2,0.9,0.9119,9400000,4130000,9550000,1.0133,0.8806,0.9714,0.4911,0.9291
NC105.1,NC28.1,W24xW1R1,0.9,0.8818,10600000,6130000,9750000,0.9797,1.1825,1.1097,0.5317,1.0413
NC105.1,NC28.1,W24xW1R2,0.9,0.914,9400000,9280000,9550000,1.0155,0.8603,0.9693,1.1295,0.983
NC105.1,NC28.1,W24xW1R3,0.9,0.868,10300000,9900000,9150000,0.9645,1.3198,1.1672,0.8198,1.1213
NC105.1,NC99.1,W24xW23R1,0.9,0.9162,8950000,8600000,9500000,1.018,0.8384,0.9255,1.0798,0.9384
NC105.1,NC99.1,W24xW23R2,0.9,0.9197,11400000,6890000,11350000,1.0219,0.8033,0.9829,0.7557,0.9647
NC105.1,NC99.1,W24xW23R3,0.9,0.9167,11400000,6890000,15250000,1.0185,0.8333,0.7339,0.5422,0.718
NC105.1,NC99.1,W24xW23R4,0.9,0.8868,11400000,6890000,10400000,0.9854,1.1317,1.1124,0.5854,1.0528
NC105.1,NC99.1,W24xW23R5,0.9,0.9223,11400000,6890000,10150000,1.0248,0.777,1.096,0.8736,1.0787
NC105.1,NC99.1,W24xW23R6,0.9,0.9342,11400000,6890000,13500000,1.038,0.6579,0.8135,0.7758,0.811
NC105.1,NC99.1,W24xW23R7,0.9,0.9212,11400000,6890000,12550000,1.0236,0.7879,0.8875,0.6968,0.8724
NC105.1,NC34.2,W24xW3R1,0.9,0.9023,10833333,5116667,13000000,1.0026,0.9768,0.8312,0.4029,0.7894
NC105.1,NC34.2,W24xW3R10,0.9,0.864,9940000,6310000,9990000,0.96,1.36,1.0365,0.4644,0.9587
NC105.1,NC34.2,W24xW3R11,0.9,0.878,9470000,6870000,9860000,0.9756,1.22,0.9845,0.5711,0.9341
NC105.1,NC34.2,W24xW3R12,0.9,0.888,10000000,6910000,9890000,0.9867,1.12,1.0248,0.6238,0.9799
NC105.1,NC34.2,W24xW3R13,0.9,0.884,9300000,6320000,9590000,0.9822,1.16,0.9873,0.5681,0.9387
NC105.1,NC34.2,W24xW3R14,0.9,0.859,9780000,5950000,9750000,0.9544,1.4102,1.051,0.4328,0.9638
NC105.1,NC34.2,W24xW3R15,0.9,0.8582,9890000,5050000,9175000,0.9535,1.4184,1.1305,0.388,1.0252
NC105.1,NC34.2,W24xW3R2,0.9,0.8933,10833333,5116667,11000000,0.9926,1.0667,0.9922,0.4361,0.9329
NC105.1,NC34.2,W24xW3R3,0.9,0.8826,8843750,6792857,10300000,0.9807,1.1741,0.8756,0.5617,0.8387
NC105.1,NC34.2,W24xW3R4,0.9,0.8782,8843750,6792857,12000000,0.9757,1.2183,0.7553,0.4647,0.7199
NC105.1,NC34.2,W24xW3R5,0.9,0.8864,9516667,6700000,9650000,0.9849,1.1357,1.0013,0.6114,0.957
NC105.1,NC34.2,W24xW3R6,0.9,0.8694,9516667,6700000,9300000,0.966,1.3061,1.0593,0.5516,0.993
NC105.1,NC34.2,W24xW3R7,0.9,0.8515,10450000,6100000,8400000,0.9461,1.4848,1.3149,0.4891,1.1923
NC105.1,NC34.2,W24xW3R8,0.9,0.8775,9400000,3475000,9500000,0.975,1.2247,1.0148,0.2987,0.9271
NC105.1,NC34.2,W24xW3R9,0.9,0.879,10100000,6490000,10000000,0.9767,1.21,1.0341,0.5364,0.9739
NC105.1,NC52.3,W24xW6R1,0.9,0.923,8900000,8740000,7850000,1.0256,0.77,1.1055,1.4459,1.1317
NC105.1,NC52.3,W24xW6R10,0.9,0.924,9000000,7550000,8100000,1.0266,0.7604,1.0823,1.2258,1.0932
NC105.1,NC52.3,W24xW6R2,0.9,0.9221,8900000,8740000,7600000,1.0246,0.7787,1.1429,1.4768,1.1689
NC105.1,NC52.3,W24xW6R3,0.9,0.901,8580000,8730000,10300000,1.0011,0.99,0.8321,0.8561,0.8345
NC105.1,NC52.3,W24xW6R4,0.9,0.9352,8580000,8730000,8600000,1.0391,0.6484,0.9602,1.5655,0.9994
NC105.1,NC52.3,W24xW6R5,0.9,0.9193,9520000,7740000,7950000,1.0214,0.8073,1.1724,1.206,1.1751
NC105.1,NC52.3,W24xW6R6,0.9,0.9243,9520000,7740000,12150000,1.027,0.7568,0.7629,0.8417,0.7689
NC105.1,NC52.3,W24xW6R7,0.9,0.9394,8950000,8990000,9000000,1.0438,0.6061,0.9527,1.6482,0.9949
NC105.1,NC52.3,W24xW6R8,0.9,0.9064,8400000,8360000,9600000,1.0071,0.9359,0.8688,0.9305,0.8746
NC105.1,NC52.3,W24xW6R9,0.9,0.8889,8130000,8120000,7750000,0.9877,1.1111,1.0621,0.943,1.0489
NC105.1,NC60.1,W24xW9R1,0.9,0.8869,8950000,11000000,9800000,0.9854,1.1313,0.9268,0.9922,0.9342
NC105.1,NC60.1,W24xW9R2,0.9,0.9211,9400000,9480000,8350000,1.0234,0.7895,1.1,1.4381,1.1267
NC34.2,NC69.1,W3xW13R1,0.9,0.9364,7410000,7390000,8300000,1.0405,0.6359,0.8581,1.4002,0.8925
NC34.2,NC69.1,W3xW13R2,0.9,0.9615,7410000,7390000,9750000,1.0683,0.3854,0.7114,1.9667,0.7598
NC34.2,NC71.1,W3xW14R1,0.9,0.9421,5120000,2880000,5100000,1.0468,0.5787,0.959,0.9759,0.96
NC34.2,NC71.1,W3xW14R2,0.9,0.9538,5120000,2880000,5800000,1.0598,0.4615,0.8329,1.0759,0.8441
NC34.2,NC71.1,W3xW14R3,0.9,0.9204,6790000,3720000,9450000,1.0227,0.7959,0.7026,0.4946,0.686
NC34.2,NC71.1,W3xW14R4,0.9,0.94,6790000,3720000,6600000,1.0444,0.6002,0.985,0.9391,0.9823
NC34.2,NC80.1,W3xW18R1,0.9,0.851,6790000,6830000,5900000,0.9456,1.4898,1.2171,0.777,1.1515
NC34.2,NC80.1,W3xW18R2,0.9,0.8832,6790000,6830000,6300000,0.9813,1.1682,1.0983,0.9281,1.0784
NC52.3,NC69.1,W6xW13R1,0.9,0.9268,8360000,9570000,7950000,1.0297,0.7325,1.0212,1.6435,1.0668
NC52.3,NC69.1,W6xW13R2,0.9,0.9535,8120000,6580000,9900000,1.0595,0.4646,0.7742,1.4304,0.8046
NC52.3,NC69.1,W6xW13R3,0.9,0.9573,7550000,5600000,8700000,1.0637,0.4271,0.8159,1.5071,0.8454
NC52.3,NC71.1,W6xW14R1,0.9,0.9837,8360000,5100000,5500000,1.093,0.1628,1.3906,5.6969,1.4607
NC52.3,NC71.1,W6xW14R2,0.9,0.9636,8120000,4000000,7900000,1.0707,0.3636,0.96,1.3924,0.9757
NC52.3,NC71.1,W6xW14R3,0.9,0.9552,7550000,3800000,9150000,1.0613,0.4479,0.7774,0.9272,0.7842
NC52.3,NC80.1,W6xW18R1,0.9,0.8911,8360000,6280000,7600000,0.9902,1.0885,1.1109,0.7591,1.0726
NC52.3,NC80.1,W6xW18R2,0.9,0.8939,8120000,6580000,9000000,0.9933,1.0606,0.9083,0.6893,0.8851
NC52.3,NC80.1,W6xW18R3,0.9,0.9042,7550000,4850000,9450000,1.0046,0.9583,0.7953,0.5355,0.7704
NC52.3,NC99.1,W6xW23R1,0.9,0.8762,8740000,8540000,7950000,0.9735,1.2385,1.1293,0.8674,1.0969
NC52.3,NC99.1,W6xW23R2,0.9,0.8692,8740000,8540000,9400000,0.9658,1.3079,0.9627,0.6946,0.9277
NC52.3,NC99.1,W6xW23R3,0.9,0.8612,8730000,7900000,8950000,0.9569,1.388,1.0194,0.6359,0.9661
NC52.3,NC99.1,W6xW23R4,0.9,0.8426,8730000,7900000,8900000,0.9362,1.5741,1.0477,0.5639,0.9716
NC52.3,NC99.1,W6xW23R5,0.9,0.8829,7740000,3110000,8800000,0.9811,1.1705,0.8965,0.3019,0.8269
NC52.3,NC99.1,W6xW23R6,0.9,0.8632,7740000,3110000,10200000,0.9591,1.3679,0.7912,0.2229,0.7134
NC52.3,NC99.1,W6xW23R7,0.9,0.9162,8120000,6650000,9900000,1.018,0.8384,0.8057,0.8012,0.8054
NC52.3,NC99.1,W6xW23R8,0.9,0.9167,7550000,6530000,7950000,1.0185,0.8333,0.9324,0.9857,0.9369
NC52.3,NC34.2,W6xW3R1,0.9,0.8911,8360000,5670000,9050000,0.9902,1.0885,0.9329,0.5756,0.894
NC52.3,NC34.2,W6xW3R2,0.9,0.8929,8120000,4250000,9350000,0.9921,1.0707,0.8753,0.4245,0.8271
NC52.3,NC34.2,W6xW3R3,0.9,0.8604,7550000,4480000,7900000,0.956,1.3958,0.9997,0.4063,0.9168
NC52.3,NC60.1,W6xW9R1,0.9,0.8616,8360000,11100000,8200000,0.9574,1.3835,1.0649,0.9784,1.0529
NC52.3,NC60.1,W6xW9R2,0.9,0.8808,8120000,6700000,9700000,0.9787,1.1919,0.8554,0.5795,0.8225
NC52.3,NC60.1,W6xW9R3,0.9,0.8979,7550000,7100000,9650000,0.9977,1.0208,0.7842,0.7207,0.7777
NC60.1,NC71.1,W9xW14R1,0.9,0.9718,7570000,2880000,9200000,1.0797,0.2823,0.7621,1.1091,0.7718
NC60.1,NC71.1,W9xW14R2,0.9,0.9723,7570000,2880000,8700000,1.0803,0.2769,0.8054,1.1954,0.8162
NC63.2,NC69.1,W11xW13R1,0.95,0.9744,3940000,6930000,3950000,1.0257,0.5112,0.9725,3.4317,1.0353
NC63.2,NC69.1,W11xW13R2,0.95,0.9865,8550000,7680000,8800000,1.0384,0.2697,0.9356,3.2358,0.9666
NC63.2,NC69.1,W11xW13R3,0.95,0.9846,4210000,4750000,4750000,1.0364,0.3077,0.8552,3.25,0.892
NC63.2,NC71.1,W11xW14R1,0.95,0.973,8550000,5230000,8800000,1.0242,0.5394,0.9486,1.1018,0.9527
NC63.2,NC71.1,W11xW14R2,0.95,0.9918,4210000,3830000,4750000,1.044,0.1641,0.849,4.9135,0.8823
NC63.2,NC80.1,W11xW18R1,0.95,0.9253,8550000,6600000,8500000,0.974,1.4938,1.0327,0.5198,0.9944
NC63.2,NC80.1,W11xW18R2,0.95,0.921,4210000,8050000,4500000,0.9695,1.5795,0.965,1.1326,0.9782
NC63.2,NC99.1,W11xW23R1,0.95,0.9243,3940000,5680000,3600000,0.973,1.5133,1.1248,1.0426,1.1186
NC63.2,NC99.1,W11xW23R2,0.95,0.9388,8550000,7180000,8100000,0.9882,1.2241,1.0682,0.7242,1.0471
NC63.2,NC99.1,W11xW23R3,0.95,0.9405,4210000,8650000,5100000,0.99,1.1897,0.8338,1.4256,0.869
NC63.2,NC34.2,W11xW3R1,0.95,0.9544,8550000,3380000,10200000,1.0046,0.9129,0.8344,0.363,0.8129
NC63.2,NC34.2,W11xW3R2,0.95,0.9221,4210000,4400000,5700000,0.9706,1.559,0.761,0.4952,0.7403
NC63.2,NC52.3,W11xW6R1,0.95,0.9658,8550000,7320000,8300000,1.0166,0.6846,1.0133,1.2881,1.0227
NC63.2,NC52.3,W11xW6R2,0.95,0.9626,6480000,8120000,7700000,1.0133,0.7475,0.8305,1.4108,0.8522
NC63.2,NC52.3,W11xW6R3,0.95,0.9708,7000000,7550000,7900000,1.0219,0.5833,0.8671,1.6383,0.8896
NC63.2,NC52.3,W11xW6R4,0.95,0.9641,4210000,8750000,6550000,1.0148,0.7179,0.6333,1.8607,0.6774
NC63.2,NC60.1,W11xW9R1,0.95,0.9429,8550000,7390000,8750000,0.9926,1.1411,0.9845,0.7402,0.9705
NC63.2,NC60.1,W11xW9R2,0.95,0.9231,4210000,9530000,4900000,0.9717,1.5385,0.8842,1.2642,0.9135
NC28.1,NC63.2,W1xW11R10,0.95,0.9118,8550000,8551000,9050000,0.9598,1.7635,0.9843,0.5358,0.9448
NC28.1,NC63.2,W1xW11R11,0.95,0.921,9600000,4210000,9550000,0.9695,1.5795,1.0369,0.2791,0.977
NC28.1,NC63.2,W1xW11R12,0.95,0.897,6160000,7040000,6290000,0.9442,2.06,1.0372,0.5433,0.9863
NC28.1,NC63.2,W1xW11R13,0.95,0.9,6890000,7580000,6550000,0.9474,2,1.1103,0.5786,1.0572
NC28.1,NC63.2,W1xW11R14,0.95,0.934,5540000,5920000,5870000,0.9832,1.32,0.9599,0.764,0.947
NC28.1,NC63.2,W1xW11R15,0.95,0.911,6010000,6500000,5950000,0.9589,1.78,1.0533,0.6137,1.0142
NC28.1,NC63.2,W1xW11R16,0.95,0.911,7240000,7660000,7283333,0.9589,1.78,1.0366,0.5909,0.9969
NC28.1,NC63.2,W1xW11R17,0.95,0.92,6650000,7500000,6570000,0.9684,1.6,1.0452,0.7135,1.0186
NC28.1,NC63.2,W1xW11R18,0.95,0.895,7910000,8430000,7560000,0.9421,2.1,1.1106,0.531,1.0497
NC28.1,NC63.2,W1xW11R2,0.95,0.891,9290000,8125000,7850000,0.9388,2.1627,1.2618,0.4748,1.176
NC28.1,NC63.2,W1xW11R4,0.95,0.912,9680000,8941667,9800000,0.9619,1.7241,1.0289,0.5184,0.984
NC28.1,NC63.2,W1xW11R6,0.95,0.905,5320000,2980000,4200000,0.9556,1.844,1.3297,0.3734,1.2388
NC28.1,NC63.2,W1xW11R8,0.95,0.9208,9900000,4925000,.,0.9693,1.5838,.,.,.
NC28.1,NC63.2,W1xW11R9,0.95,0.9509,12200000,3943750,9500000,1.001,0.9816,1.283,0.4229,1.2408
NC28.1,NC69.1,W1xW13R2,0.95,0.9827,9900000,6900000,9800000,1.0345,0.3452,0.9765,2.0398,0.9949
NC28.1,NC71.1,W1xW14R2,0.95,0.9817,9900000,6100000,10200000,1.0334,0.3655,0.9392,1.6363,0.952
NC28.1,NC80.1,W1xW18R2,0.95,0.9421,9900000,7250000,8150000,0.9917,1.1574,1.2249,0.7686,1.1985
NC28.1,NC99.1,W1xW23R2,0.95,0.9431,6130000,8450000,10500000,0.9928,1.1371,0.5881,0.7078,0.5949
NC28.1,NC34.2,W1xW3R1,0.95,0.949,6130000,9080000,6000000,0.999,1.0194,1.0227,1.4846,1.0463
NC28.1,NC34.2,W1xW3R2,0.95,0.9279,9900000,4170000,11300000,0.9768,1.4416,0.897,0.256,0.8508
NC28.1,NC52.3,W1xW6R1,0.95,0.9551,6130000,6550000,5350000,1.0054,0.897,1.1396,1.3648,1.1497
NC28.1,NC52.3,W1xW6R2,0.95,0.931,9900000,7330000,8450000,0.98,1.3807,1.1956,0.6283,1.1564
NC28.1,NC52.3,W1xW6R3,0.95,0.9657,8230000,8120000,10000000,1.0165,0.6869,0.8097,1.1822,0.8225
NC28.1,NC52.3,W1xW6R4,0.95,0.9615,7480000,7550000,6950000,1.0121,0.7708,1.0634,1.4093,1.0768
NC28.1,NC60.1,W1xW9R1,0.95,0.9011,6130000,7000000,6000000,0.9485,1.9776,1.0771,0.5899,1.0289
NC28.1,NC60.1,W1xW9R2,0.95,0.9066,9900000,9700000,10300000,0.9543,1.868,1.0072,0.5041,0.9602
NC28.1,NC60.1,W1xW9R3,0.95,0.9402,7240000,8690000,6900000,0.9897,1.1964,1.0602,1.0527,1.0598
NC28.1,NC60.1,W1xW9R4,0.95,0.9423,7240000,8690000,9000000,0.9919,1.153,0.811,0.8374,0.8125
NC105.1,NC63.2,W24xW11R1,0.95,0.9404,8950000,5680000,8800000,0.9899,1.1919,1.0274,0.5415,0.9985
NC105.1,NC63.2,W24xW11R2,0.95,0.9636,9400000,4450000,9100000,1.0143,0.7287,1.0184,0.671,1.0058
NC105.1,NC63.2,W24xW11R3,0.95,0.8855,8580000,3940000,6800000,0.9321,2.2904,1.3537,0.253,1.2276
NC105.1,NC63.2,W24xW11R4,0.95,0.9253,8780000,8550000,10000000,0.974,1.4938,0.9014,0.5724,0.8769
NC105.1,NC63.2,W24xW11R5,0.95,0.9497,11500000,4210000,9250000,0.9997,1.0051,1.2436,0.4528,1.2038
NC105.1,NC69.1,W24xW13R1,0.95,.,12200000,7390000,13400000,.,.,.,.,0.8925
NC105.1,NC69.1,W24xW13R2,0.95,0.9767,12200000,7390000,.,1.0281,0.4665,.,.,.
NC105.1,NC69.1,W24xW13R3,0.95,0.9788,8950000,7980000,13750000,1.0303,0.4242,0.6318,1.368,0.6474
NC105.1,NC69.1,W24xW13R4,0.95,0.9919,9400000,3450000,8500000,1.0441,0.1619,1.0592,2.5063,1.0709
NC105.1,NC71.1,W24xW14R1,0.95,.,10800000,2880000,10000000,.,.,.,.,1.0404
NC105.1,NC71.1,W24xW14R2,0.95,0.9867,10800000,2880000,.,1.0386,0.2667,.,.,.
NC105.1,NC71.1,W24xW14R4,0.95,0.9715,8840000,3720000,11700000,1.0226,0.5697,0.7388,0.5581,0.7337
NC105.1,NC71.1,W24xW14R6,0.95,0.9838,9400000,1650000,10200000,1.0356,0.3239,0.8899,0.4994,0.8836
NC105.1,NC80.1,W24xW18R2,0.95,0.9453,9400000,4130000,7800000,0.9951,1.0931,1.2111,0.4844,1.1713
NC105.1,NC28.1,W24xW1R1,0.95,0.9358,10600000,6130000,10700000,0.985,1.2844,1.0057,0.446,0.9698
NC105.1,NC28.1,W24xW1R2,0.95,0.9595,9400000,9280000,8750000,1.01,0.8097,1.0636,1.3098,1.0736
NC105.1,NC28.1,W24xW1R3,0.95,0.9259,10300000,9900000,9850000,0.9746,1.4822,1.0729,0.6781,1.0437
NC105.1,NC99.1,W24xW23R1,0.95,0.9545,8950000,8600000,10000000,1.0048,0.9091,0.8907,0.946,0.8933
NC105.1,NC99.1,W24xW23R3,0.95,0.9609,11400000,6890000,10750000,1.0115,0.7819,1.0484,0.8197,1.0395
NC105.1,NC99.1,W24xW23R4,0.95,0.9393,11400000,6890000,9250000,0.9887,1.214,1.2465,0.6136,1.2081
NC105.1,NC99.1,W24xW23R6,0.95,0.9686,11400000,6890000,13500000,1.0196,0.6275,0.8282,0.8133,0.8277
NC105.1,NC99.1,W24xW23R7,0.95,0.9566,11400000,6890000,10900000,1.0069,0.8687,1.0387,0.7277,1.0252
NC105.1,NC34.2,W24xW3R10,0.95,0.901,9940000,6310000,9970000,0.9484,1.98,1.0512,0.3196,0.9788
NC105.1,NC34.2,W24xW3R11,0.95,0.912,9470000,6870000,9650000,0.96,1.76,1.0222,0.4045,0.9679
NC105.1,NC34.2,W24xW3R12,0.95,0.905,10000000,6910000,9660000,0.9526,1.9,1.0867,0.3765,1.0192
NC105.1,NC34.2,W24xW3R13,0.95,0.932,9300000,6320000,9600000,0.9811,1.36,0.9875,0.4841,0.9532
NC105.1,NC34.2,W24xW3R14,0.95,0.93,9780000,5950000,9225000,0.9789,1.4008,1.083,0.4604,1.0394
NC105.1,NC34.2,W24xW3R15,0.95,0.9243,9890000,5050000,9525000,0.973,1.5136,1.0672,0.3503,1.0129
NC105.1,NC34.2,W24xW3R2,0.95,0.9487,10833333,5116667,12500000,0.9987,1.0256,0.8678,0.3991,0.8438
NC105.1,NC34.2,W24xW3R4,0.95,0.9279,8843750,6792857,9100000,0.9768,1.4416,0.995,0.5178,0.9606
NC105.1,NC34.2,W24xW3R6,0.95,0.9367,9516667,6700000,8600000,0.986,1.2653,1.1223,0.6157,1.0902
NC105.1,NC34.2,W24xW3R7,0.95,0.9202,10450000,6100000,8000000,0.9686,1.596,1.3485,0.4778,1.2791
NC105.1,NC34.2,W24xW3R8,0.95,0.9342,9400000,3475000,8900000,0.9834,1.3158,1.074,0.2967,1.0229
NC105.1,NC34.2,W24xW3R9,0.95,0.911,10100000,6490000,10000000,0.9589,1.78,1.0532,0.3646,0.992
NC105.1,NC52.3,W24xW6R1,0.95,.,8900000,8740000,8550000,.,.,.,.,1.04
NC105.1,NC52.3,W24xW6R10,0.95,0.9625,9000000,7550000,9650000,1.0132,0.75,0.9205,1.0432,0.9251
NC105.1,NC52.3,W24xW6R2,0.95,0.9682,8900000,8740000,.,1.0192,0.6352,.,.,.
NC105.1,NC52.3,W24xW6R4,0.95,0.9737,8580000,8730000,9550000,1.0249,0.5268,0.8766,1.7351,0.8992
NC105.1,NC52.3,W24xW6R5,0.95,.,9520000,7740000,10400000,.,.,.,.,0.9068
NC105.1,NC52.3,W24xW6R6,0.95,0.9637,9520000,7740000,.,1.0144,0.7265,.,.,.
NC105.1,NC52.3,W24xW6R7,0.95,0.9768,8950000,8990000,9300000,1.0282,0.4646,0.936,2.0804,0.9626
NC105.1,NC52.3,W24xW6R8,0.95,0.9481,8400000,8360000,7400000,0.998,1.0376,1.1374,1.0887,1.1349
NC105.1,NC52.3,W24xW6R9,0.95,0.9626,8130000,8120000,7650000,1.0133,0.7475,1.0488,1.42,1.0627
NC105.1,NC60.1,W24xW9R1,0.95,0.9404,8950000,11000000,8800000,0.9899,1.1919,1.0274,1.0487,1.0287
NC105.1,NC60.1,W24xW9R2,0.95,0.9595,9400000,9480000,7950000,1.01,0.8097,1.1707,1.4727,1.1829
NC34.2,NC69.1,W3xW13R2,0.95,0.9736,7410000,7390000,9400000,1.0249,0.5274,0.7692,1.4907,0.7882
NC34.2,NC71.1,W3xW14R2,0.95,0.961,5120000,2880000,5650000,1.0116,0.7795,0.8958,0.6539,0.8864
NC34.2,NC71.1,W3xW14R3,0.95,.,6790000,3720000,7400000,.,.,.,.,0.8968
NC34.2,NC71.1,W3xW14R4,0.95,0.9603,6790000,3720000,6500000,1.0109,0.7935,1.0334,0.7213,1.021
NC34.2,NC80.1,W3xW18R2,0.95,0.9345,6790000,6830000,7400000,0.9837,1.3092,0.9327,0.705,0.9178
NC52.3,NC69.1,W6xW13R1,0.95,0.9634,8360000,9570000,6900000,1.0141,0.7325,1.1948,1.8936,1.2204
NC52.3,NC69.1,W6xW13R2,0.95,0.9737,8120000,6580000,8300000,1.025,0.5253,0.9545,1.5093,0.969
NC52.3,NC69.1,W6xW13R3,0.95,0.9833,7550000,5600000,9100000,1.0351,0.3333,0.8015,1.8462,0.819
NC52.3,NC71.1,W6xW14R1,0.95,0.9888,8360000,5100000,7850000,1.0409,0.2238,1.0232,2.9029,1.0442
NC52.3,NC71.1,W6xW14R2,0.95,0.9758,8120000,4000000,8000000,1.0271,0.4848,0.9882,1.0313,0.9893
NC52.3,NC71.1,W6xW14R3,0.95,0.9844,7550000,3800000,7600000,1.0362,0.3125,0.9587,1.6,0.9688
NC52.3,NC80.1,W6xW18R1,0.95,0.9522,8360000,6280000,7800000,1.0023,0.9563,1.0693,0.842,1.0585
NC52.3,NC80.1,W6xW18R2,0.95,0.9273,8120000,6580000,7900000,0.9761,1.4545,1.053,0.5726,1.0181
NC52.3,NC80.1,W6xW18R3,0.95,0.9594,7550000,4850000,8300000,1.0099,0.8125,0.9007,0.7192,0.8934
NC52.3,NC99.1,W6xW23R2,0.95,0.9341,8740000,8540000,8250000,0.9833,1.3182,1.0774,0.7853,1.0582
NC52.3,NC99.1,W6xW23R4,0.95,0.9187,8730000,7900000,.,0.9671,1.6255,.,.,.
NC52.3,NC99.1,W6xW23R5,0.95,0.9284,7740000,3110000,10600000,0.9772,1.4329,0.7472,0.2048,0.7083
NC52.3,NC99.1,W6xW23R6,0.95,0.9275,7740000,3110000,10450000,0.9763,1.4508,0.7587,0.2051,0.7185
NC52.3,NC99.1,W6xW23R7,0.95,0.9535,8120000,6650000,8100000,1.0037,0.9293,0.9988,0.8835,0.9934
NC52.3,NC34.2,W6xW3R1,0.95,0.9522,8360000,5670000,8800000,1.0023,0.9563,0.9478,0.6738,0.9347
NC52.3,NC34.2,W6xW3R2,0.95,0.9455,8120000,4250000,9500000,0.9952,1.0909,0.8588,0.4101,0.8344
NC52.3,NC34.2,W6xW3R3,0.95,0.9313,7550000,4480000,8000000,0.9803,1.375,0.9628,0.4073,0.9246
NC52.3,NC60.1,W6xW9R1,0.95,0.9237,8360000,11100000,7900000,0.9723,1.5259,1.0884,0.9208,1.0756
NC52.3,NC60.1,W6xW9R2,0.95,0.9283,8120000,6700000,8800000,0.9771,1.4343,0.9443,0.5308,0.9147
NC52.3,NC60.1,W6xW9R3,0.95,0.9292,7550000,7100000,9050000,0.9781,1.4167,0.853,0.5538,0.8318
NC60.1,NC71.1,W9xW14R2,0.95,0.9805,7570000,2880000,9200000,1.0321,0.3897,0.7972,0.8032,0.7973
